simulation_id,growth_shock,churn_shock,cost_multiplier,dec_ending_cash,below_1m,below_zero
1,-0.007573133899368498,-0.003082008399983194,1.0100675138036808,850760.2804370995,True,False
2,0.0016925226126745393,0.0034755716946797154,0.9914584718224227,976478.8672075394,True,False
3,0.008474020581349983,-0.00018498870891542048,0.9773410818803947,1095199.9926185217,False,False
4,0.010512573966098468,0.0009545449504391312,1.031388910107809,754460.4464968173,True,False
5,-0.008617917425205268,-0.005046000165685119,0.9792897478138123,1048779.5286743438,False,False
6,-0.006541366591357211,-0.0006315475294427731,1.071161757682023,458819.5981475916,True,False
7,0.011212020824353809,-0.00209472479807846,1.0095830677301978,903377.6248835514,True,False
8,0.012702350037128775,-0.0017821623018383726,0.9896618203546591,1033169.9942752311,False,False
9,-0.02163782388476936,-0.005561735165504906,0.9704920631670851,1069845.4185219123,False,False
10,0.006717351146445382,-0.005984197565430979,1.0901029437328245,390334.80678193574,True,False
11,0.0023610954501248962,-0.0037027117795086916,1.0332955809529214,732625.4924762314,True,False
12,0.011365163128008043,-0.012829568063302292,1.0262594820447404,827777.5324524574,True,False
13,0.013077790825291945,-0.0024414463057451413,1.0452218014413366,683204.9446086622,True,False
14,-0.023635091540455504,6.298046413746347e-05,0.9701275997068889,1050944.0601913386,False,False
15,0.0071996796896572225,0.0010376619669562905,1.007286581003631,898074.4335531485,True,False
16,-0.002024176216438006,-0.005897129509513657,0.9888713872315902,1008652.294590251,False,False
17,-0.007323380589436307,-0.002570584057569636,1.0093708140787183,854456.4499939957,True,False
18,0.0292456879857162,-0.00020042163892546023,0.946754778286437,1347306.0370862312,False,False
19,0.018291742646065274,-0.007028217013341892,0.9993888304162949,1001557.2992369988,False,False
20,0.00038876204567171626,0.0017908453411067111,0.9976844303995154,938000.0475533591,True,False
21,-0.009307721881381278,0.003419305643619843,1.0333826622656506,679767.7594032866,True,False
22,0.0056736844573574766,-0.0011068871499934668,0.9282163445883347,1401948.1930326407,False,False
23,0.008298908166071312,0.0043215851843018465,1.0693434574397567,497888.1714983934,True,False
24,0.0014102840957938149,0.004756499074998388,1.0904026437154315,343762.1936819311,True,False
25,-0.019333765679257934,0.006966983053626208,0.9681242004621126,1056422.4558950423,False,False
26,-0.01804474353396458,0.004162262548700954,1.011120582072875,794760.004814897,True,False
27,-0.0014778826582539182,-0.007628324946829925,0.9504979923019724,1258689.9706270732,False,False
28,-0.0011484367886558562,-0.004330865352148912,1.0077056786752143,887119.1140504321,True,False
29,-0.02473193605084044,-0.008120791011315246,1.0513203911675078,555038.9496676512,True,False
30,0.0037148658930962726,0.002849529076574015,1.0519733213186535,599538.5554201787,True,False
31,0.0005545591210409853,-0.008692918317342996,0.9915893981771978,1006351.1072049027,False,False
32,0.017414312926564562,0.007481900383176686,1.0552257056252616,604122.0179116798,True,False
33,0.009101836400123459,0.0075878325168513994,1.0740611468075991,461070.799497174,True,False
34,-0.012951562953830884,-0.004456619672742218,1.0345381689480493,684209.5739100826,True,False
35,-0.0037789151710963765,-0.0024678944406055863,1.0710583721614133,472277.02651809936,True,False
36,-0.02590731967538163,0.003072507488336997,1.061774831123076,454217.35095650714,True,False
37,0.008381203047221312,0.0025105012074131874,0.9416515482923316,1314092.491651919,False,False
38,0.0024412325621254853,0.005255577255738552,1.0232946172208772,771426.1624675216,True,False
39,0.013287705296959607,-0.00846558518755129,1.0352528713272569,763867.3368088612,True,False
40,-0.010515610401789,-0.004171356701573716,1.01959335509989,785106.2183099797,True,False
41,-0.0010896817450769857,-0.00504127794967544,0.9519642492231521,1243257.6639175382,False,False
42,0.01639258271316506,-0.004511746004592671,1.0717631839632855,529637.8900307165,True,False
43,0.009550349558587868,-0.001074865520510633,0.9434793645218389,1315718.8570747818,False,False
44,0.016643953453114972,-0.007881289987553306,0.9389126494483525,1383411.769126348,False,False
45,-0.006570306099926991,-0.007065627533709558,0.9918632626147342,980250.0538258355,True,False
46,-0.011543469617215514,-0.00117954716232317,0.9833110059456518,1004335.9945523797,False,False
47,0.0039694537216452275,-0.0019338207588902932,0.9480178576428695,1273752.5851418893,False,False
48,0.0032600016086693586,0.0022220126693399942,1.0130431652455238,847253.1989407181,True,False
49,-0.021497092951649078,-0.006691347960329915,1.0073036529021169,839601.7826138248,True,False
50,-0.03313887729368283,-0.004185242908050425,1.0056465265356813,810744.7449287124,True,False
51,-0.016319677936424654,-0.002226797582797992,0.9384114609802834,1279100.2672504636,False,False
52,-0.00016752320861808165,0.005448945139034262,1.0069421153969254,867476.3570532707,True,False
53,-0.0035636900647985485,-0.0035144705439090615,1.0054120381085578,892689.9919935695,True,False
54,0.008400074023255865,-0.010454215345294306,0.9598345179867265,1234757.860080453,False,False
55,-0.0008312618204301643,-0.004467347031723098,1.0140479279972616,848104.1024288945,True,False
56,0.0015085778543224427,-0.009388992880967178,1.0029539845219722,938771.0064603456,True,False
57,-0.0197474059114169,0.004719602357981359,1.0355303494552581,633449.9280615533,True,False
58,-0.0019277535580268974,0.0008358763880392109,1.0608049994092499,533349.8352743471,True,False
59,-0.00013856369974967945,0.0006596342864455218,1.0944921176765205,324883.599527352,True,False
60,-0.014256429569648817,-0.0040018764710120875,0.9974715434369709,914710.9846140156,True,False
61,0.013430373400760136,0.010393416545931794,0.9476394591165648,1268177.2251295955,False,False
62,-0.019584335145890457,-0.0009793424714313276,0.9824361424418111,986952.7957744496,True,False
63,-0.006005852919563855,0.004777699368806589,1.0294097101118223,710408.5257388656,True,False
64,-0.0066057446799210025,-0.011190394086319229,0.9569201598107216,1213546.2393891339,False,False
65,0.0005532374080583674,0.0010711950833242308,0.9686838111665701,1124635.5020086167,False,False
66,-0.007518433102753759,-0.006749500839035835,1.0427879300414078,653323.2711757715,True,False
67,-0.01375451352088657,-0.009918917552875087,0.957646841688171,1185493.355164797,False,False
68,-0.003513830155625611,-0.005402362997207651,1.0194643280030722,808841.7755853157,True,False
69,-0.01927313180925935,0.004423608720526914,0.9962648917667821,884957.4506260254,True,False
70,0.017516920859550422,0.006030381273561455,1.0191628753717454,837472.4778173632,True,False
71,0.010567957397464814,0.0011413907990435734,0.9069079342308124,1544636.8757356694,False,False
72,-0.01051905543041873,-0.0030143116366528637,0.9794966134251306,1036518.6756998929,False,False
73,-0.012421291678738955,-0.008446528605332272,1.01240233358863,837369.8274753826,True,False
74,-0.013616334555440389,-0.003219558756610386,1.0357608043012527,671151.1805422539,True,False
75,0.003513369224126058,0.006441879910229422,0.9530873343633797,1216974.3478391212,False,False
76,0.021930171514055186,0.002608843002696343,1.0729484078192393,517704.56297228124,True,False
77,-0.017926127485883177,-0.001936850857784581,0.9367091263422967,1284632.6367773856,False,False
78,0.0031136936816269075,0.0020418328221242944,1.039510078016427,679263.8414646969,True,False
79,-0.012300064053915889,-7.661914039075877e-05,0.9832193310674031,999742.172973599,True,False
80,-0.008856356457015985,7.924115532851492e-05,1.0031788007226279,882137.2006404572,True,False
81,-0.006902212827123974,-0.0025200899705566417,1.0219268067943863,775748.7821295431,True,False
82,-0.010407588290511178,-0.013339439878101659,0.991184726456232,991341.374683049,True,False
83,-0.0014147778512963677,7.649244945987113e-05,0.9511800802763184,1233087.3525346043,False,False
84,0.01330363759268516,0.009754737415146776,1.0066758627430963,894679.256425386,True,False
85,-0.027975521796822368,-0.0034430761196823927,1.044351952264639,577244.3560366777,True,False
86,0.010820518997908245,-0.006979570294451841,1.0836997913436361,445191.2600699519,True,False
87,0.0010890815185947286,0.00024159396976090967,0.9619426206872996,1171247.5829032823,False,False
88,-0.00994902693136544,0.009531633835293894,0.9701965835081015,1062245.2218627261,False,False
89,0.00841561583863035,0.008856206629453979,0.9124930565478905,1481701.942167758,False,False
90,-0.0025759450017736117,-0.0020628117400380832,0.9630853547550958,1160203.0940697552,False,False
91,0.0012530295488735635,-0.009348787310182356,1.0544990941790378,610599.8169530312,True,False
92,-0.0045766792032360315,0.0012456948768827028,0.9933792292023356,953037.1468406939,True,False
93,0.0014536102368134924,-0.0013880092501613807,0.9088443170603591,1514010.1271176608,False,False
94,-0.00118094242403997,-0.005755979461066151,0.9587561395385791,1201859.7115808895,False,False
95,-0.0017390920572678598,0.00540580232165244,0.9924076825923132,955525.8913241588,True,False
96,0.016994729011980365,-0.013344781807287206,0.9613103706572864,1257354.5188749547,False,False
97,-0.007488699718261135,0.0060362201642423586,1.0310038992604338,692653.638130656,True,False
98,-0.0031536442530820745,-0.014299144586443862,0.9766068699606294,1106783.9612337002,False,False
99,-0.010582714882847708,-0.008402333009389688,0.935448314332578,1331077.0506243384,False,False
100,0.012757389256981753,-0.00660342007794612,0.9981787229081412,992654.9119256051,True,False
101,0.012320157741380493,0.0012259542248181942,0.9664644654908424,1171052.6269299253,False,False
102,-0.0013850393593660252,-0.000826715240361938,1.053519491502539,585756.4879393501,True,False
103,-0.025941764596970767,0.003509496696294572,0.9937156017063041,885129.4118880501,True,False
104,-0.00502081670441942,0.004580183875914336,0.9585701728009216,1163581.4171330945,False,False
105,-0.0030109727389942623,0.0003290067834108699,0.9914154091950267,972418.5949973734,True,False
106,0.010058016680516372,-0.008431297525476939,1.102648230494235,326773.72446408425,True,False
107,0.009919704651913679,0.002941127671501023,1.0644847904117942,537098.2052043737,True,False
108,-0.003264509047160471,0.006846196364189586,0.9856265680628514,990335.3704147199,True,False
109,0.005395265378699363,-0.005412064811990989,0.9235162468741387,1443005.7140360898,False,False
110,-0.005950958250234654,0.0009928582814689797,0.9510861113093411,1218506.8387295466,False,False
111,0.017004932084760692,0.005480713946787353,1.0205987925428441,828458.2659080946,True,False
112,0.011889954785189552,0.0014641684624772994,0.9877063501688118,1034291.0610416725,False,False
113,0.004528203562351983,-0.010121217234438921,1.0407379002511836,709259.7397456353,True,False
114,-0.003058445703393767,0.007506179791678339,0.9641008952368637,1125775.1413395014,False,False
115,0.00020657480836974569,-0.0023568231791349873,0.9818215487768029,1049778.5854534116,False,False
116,-0.0029812741558824605,0.010888247921940502,1.044648868251178,605039.2134345369,True,False
117,0.012337309714503586,-0.003740588218049492,0.8994176709381521,1610719.4806661103,False,False
118,-0.009946358453105876,0.001967674504299391,0.9870846305359334,976056.0388716557,True,False
119,-0.0004484115891027246,-0.003923734298130073,0.9861225159311734,1025002.760632125,False,False
120,0.002172017695266184,0.004393774414439031,0.953470726685073,1216506.8004001114,False,False
121,-0.0034596373283551874,-0.004874044121390982,0.9137739753477998,1478730.6274983473,False,False
122,0.016166584236078405,-9.702369245375403e-05,0.9541572168883897,1263601.5236669912,False,False
123,0.013731955866600032,-0.0020305937533292703,1.028743569084462,788530.6561344531,True,False
124,0.0003926696947752512,-0.004313511522349246,0.9662109012155854,1154881.737989658,False,False
125,0.025332200960614126,0.005233729677209237,1.0354630607740418,757926.2590320536,True,False
126,0.00035269319645384967,-0.00021720880409858273,1.0489602159138312,617851.5593488996,True,False
127,-0.0024213631636498833,0.012101130476016016,1.045466244713049,598030.7331959853,True,False
128,-0.006899083699686634,0.00426778448607589,1.0151831679284524,799690.175948509,True,False
129,-0.0029797536580227885,-0.007013276945299145,1.0344064800410115,719919.1561389612,True,False
130,0.025715768403162653,-0.0042375101218117455,0.9977947131845745,1024578.018423697,False,False
131,-0.005935333871976491,0.00037684715357066614,1.0057953908072905,872822.3386801378,True,False
132,-0.00471092768292279,0.001806421800161534,1.0062309851759326,869484.9149895336,True,False
133,0.011922170295578748,0.0033278872570249307,1.001751967935001,939993.4107306593,True,False
134,-0.00533944030105103,-0.005370998724141354,1.0375270788579165,688961.5856462622,True,False
135,0.011121270791588443,-0.008831615221892866,1.0136443308118093,896085.4071122626,True,False
136,-0.0009102343495699984,-0.004379291842960635,0.9051445528182779,1539252.7379321475,False,False
137,-0.0270332291576136,-0.005459272954255373,0.9626717605251465,1104206.4428496743,False,False
138,-0.008715584716711881,0.004384082811823125,1.0343123355208157,672826.4241020081,True,False
139,-0.01447016701079942,-0.0058783452425589565,1.0308950614506753,707076.2232544636,True,False
140,-0.011291643140982483,-0.0022634345307337104,0.9817765063887111,1017799.1426097015,False,False
141,-0.018464062941583783,0.001880650687884294,0.9776927183522046,1012234.3463299618,False,False
142,0.0024698058419869054,-0.0035310639309246044,0.9624801144627675,1182178.6704130296,False,False
143,0.01872803914897064,0.0023994688359918136,0.983253105365566,1079002.8495371332,False,False
144,-0.0010170396891035307,-0.006520681445438715,1.0022333350885941,928333.5198701398,True,False
145,-0.001140062018433168,0.012112909049306265,1.0335296054928518,677370.5903317223,True,False
146,-0.027797096872700367,0.007409041790814915,1.0253690901970771,668088.5133449098,True,False
147,-0.004466490752001604,-0.013804731886220705,1.0702846343125445,506833.26629722863,True,False
148,0.01316618756568144,-0.005291627045028766,1.0194510916730959,855046.7987397923,True,False
149,0.00011773061450070045,0.01144316969258305,1.0368774621694143,661474.6574076538,True,False
150,0.000954478251205663,0.0003246896734269529,1.0677519485872116,498677.4436478391,True,False
151,0.017454442409048143,0.005656346604626662,1.0249657953005626,801487.050116282,True,False
152,0.021650672778528914,0.001008639673000947,1.1217669519253637,211348.44372816104,True,False
153,0.009863637868336278,-0.00046079885803582577,0.9906205191326328,1015501.9153759894,False,False
154,0.007849160109952751,-0.0024519781514763615,1.0173527304600793,845668.5891396959,True,False
155,0.002204630006562384,0.005323718868660639,1.0911556296778895,339612.41011574026,True,False
156,0.0005042659336096547,-0.004286369050666073,1.0854438778549724,397902.97107262386,True,False
157,0.006079224144613193,0.0059967935258891,0.9889224090434754,997777.2660635891,True,False
158,-0.013497078298734156,-0.002650315504034316,0.9363372335602316,1301308.72057456,False,False
159,-0.030290790335279955,0.008419133180846366,0.9610735791326517,1066657.681712744,False,False
160,0.017237795965181255,0.002215259325009163,1.0123332083761842,890688.2263843017,True,False
161,-0.003403166801248745,-0.010922330631389825,1.032686682702802,740543.4449610203,True,False
162,-0.013748903763350953,0.008786904608397936,1.0196150137524378,739899.1191912275,True,False
163,-0.009295749350090959,-0.004160512869447108,1.0145772892565827,820327.1151658382,True,False
164,-0.015572896345466235,0.004887940692589251,1.0072644251563074,824109.8325171107,True,False
165,-0.0007488071508308065,-0.0035203867483610293,0.9648959649298225,1157847.5081883925,False,False
166,-0.0013666725481206515,0.0019074481440158938,1.0254818067263964,756256.163394131,True,False
167,0.0032506600155161104,0.005788088970674827,1.1210477860533228,151395.10989950248,True,False
168,0.009303896833438522,0.003647459880525169,0.9777461899840031,1084269.542594438,False,False
169,0.026284877025128467,0.0009213086938748412,1.0273609535687374,824035.8922694526,True,False
170,0.014154478527793246,0.0022510743916288292,0.9668192683427779,1171051.8054003327,False,False
171,0.004571899441450851,0.002129216636512859,1.0035621741121645,911374.2038573395,True,False
172,-0.009231096416719424,0.008145682821259754,1.008701430036206,823568.3770507744,True,False
173,0.002377597753953282,0.001226753825623556,1.0230503047956467,784014.9098196684,True,False
174,-0.013306684632858294,0.013541517416030095,0.8939775541339184,1525782.3244055714,False,False
175,0.01776373708934224,0.004669323218660407,0.9673729694598446,1170850.6131564206,False,False
176,-0.006947838730541657,0.00020605773078025225,1.0384400264267277,663162.8490628095,True,False
177,-0.0008133896755542769,-0.0022052837894080564,0.9424407365145175,1296613.7269314728,False,False
178,0.004770531717740166,-0.002327713935922206,1.0680023878145972,515092.07083851995,True,False
179,0.03052769098191932,-0.005429119587478402,0.9863421763701768,1114020.7027298776,False,False
180,0.011578091327393054,0.002731025473868339,0.9727686766556982,1124761.4637153056,False,False
181,-0.007554057982364395,-0.0007310245952409374,1.0824073908428347,384859.91078191274,True,False
182,0.005587503141576455,0.0002921337534206488,1.0025590087051666,925685.5310001089,True,False
183,0.004021205074033361,-0.00017294602461098208,0.9259350474738243,1409236.686571896,False,False
184,-0.0021952690181593552,-0.002493323495363795,1.0102895503447367,862680.9797722448,True,False
185,0.008568516277259576,-0.004010296558875629,1.103542822634766,304640.4192188671,True,False
186,-0.0003241769684781371,-0.0008937535898545604,0.9963244866904261,952124.8123398811,True,False
187,-0.01156321137177975,0.007895603561292028,1.0614868515841647,482548.173573951,True,False
188,0.00019125789159050066,-0.004687633164764471,1.0192416277238436,818579.8084572288,True,False
189,-0.013412723341959028,-0.006574283471426278,0.9215896145684539,1406123.8015654199,False,False
190,-0.006368745874905512,0.004402175151141112,1.0326490052777657,689871.8666727,True,False
191,-0.00511537264680436,0.0017903961709525042,1.0105381913249782,841049.9316291304,True,False
192,-0.005422507690632573,0.013103885382498293,0.9264209121735827,1342907.963291658,False,False
193,-0.004030414477400736,0.002663213303427774,1.0567978016892554,547859.1427211142,True,False
194,0.00834941386734191,-0.002930026039323367,1.0296000306022774,770612.6836648593,True,False
195,0.0009797952112946394,0.00578629021590305,1.0377353072559223,674172.3588876836,True,False
196,0.005972664312156002,0.004248677388102878,1.0086315002195156,877179.8869192319,True,False
197,-0.00026191278111808904,-0.007870893447390533,1.0699893700778191,503894.9684583617,True,False
198,-0.015982549080955852,-0.0011437006324384977,1.0756808291819282,405266.14236649894,True,False
199,0.0006989657667240164,0.004593240992646168,0.974585265485497,1077759.0327625372,False,False
200,0.011595505477077214,0.00139026283819898,0.9236890150790846,1440232.5895287711,False,False
201,-0.01681529208479219,-0.005658242204626343,0.9307348821733075,1336023.9286460113,False,False
202,-0.02775940065536992,0.007233652662691858,1.0146242647679298,736918.8923937718,True,False
203,0.013131696788561022,-0.008498936924968352,0.9852915354547545,1080815.7857993424,False,False
204,-0.006300924470713921,-0.0016395986400928784,0.9681297804768183,1116620.832165095,False,False
205,0.0005824717178508331,-0.006484207724849645,1.0750677590544546,470134.094320372,True,False
206,0.0011378364244483,-0.004208816042946664,0.9714849741349869,1123170.4056248462,False,False
207,-0.0048147905348020405,-0.0064393882659683896,1.0135579521129903,845616.7763206365,True,False
208,-0.0070387400976071905,-0.007096128211849613,1.051426385727175,600763.0406593636,True,False
209,0.00472923829647002,0.005927430394284214,1.0380615103642894,682144.5292471698,True,False
210,-0.0010879187132840017,0.003121625543338935,0.9909685088750816,972836.2758237927,True,False
211,-0.009881001157447623,-0.0007995083035306254,1.0087295613094596,846479.8370684609,True,False
212,-0.025709413228100116,-0.003142167860721809,1.0187185324735317,745504.904651677,True,False
213,-0.010480399406209534,0.006073779255198416,0.9700176228595534,1071527.6765354136,False,False
214,0.014857396153806995,0.0008871078669290538,1.000444912848147,963258.3660009173,True,False
215,0.0013970425442109296,0.010070882186999048,0.976585907881623,1051749.513135394,False,False
216,0.03685129955057566,0.002454679431523262,1.0196714168520122,898013.5962506372,True,False
217,-0.003148624822505234,-0.004362238725433901,1.0268764136543598,759891.1304232565,True,False
218,-0.013521717250191703,0.0009543583936619324,0.9166364698842271,1416320.249794884,False,False
219,-0.010850832276609976,0.0008743811245975236,0.9417809393147946,1264292.1469103796,False,False
220,0.002164053368660838,-0.009470305929630437,0.9985260597828547,968942.3318331747,True,False
221,-0.004609957994852654,-0.006169872006063397,0.9755799156485072,1086624.1564288482,False,False
222,-0.005416362986828846,0.0032583278213015035,1.0601859743018731,520827.5141812321,True,False
223,-0.024403322976300212,0.010595499149745722,0.9935429725847612,870783.9705235164,True,False
224,0.005880641210271322,0.0036101419073634538,1.052250065735384,601692.3333038333,True,False
225,0.0032659774669811675,-0.012493374939669124,0.9556881620150449,1252475.33143113,False,False
226,0.005623897652445942,0.0029645119866512607,0.9253630055876962,1408597.504082687,False,False
227,0.009980846121930328,-0.004872369940250068,0.9559674205104745,1248179.5916057704,False,False
228,0.02018744174196528,-0.006748253264672939,1.0105394207208895,935240.5887911629,True,False
229,0.011437684122182925,0.0005029841750947105,0.9099942389907156,1529234.5773071728,False,False
230,-0.001353141633627003,0.00142661040505884,1.015579062369289,820521.6895725746,True,False
231,0.0076866506368475146,0.0005702027232849587,1.031543648076917,746681.5556845311,True,False
232,-0.00852292178518575,0.007521392637253567,1.0838111416453733,350277.4588455979,True,False
233,-0.0012848889480319957,0.003955721659824072,1.0160796887309214,810492.5032428373,True,False
234,0.009734042272897335,-0.004242336573222586,1.0142473974593802,875619.7666135437,True,False
235,-0.006710870427440836,0.0019606502159448033,1.014887486959636,808513.8147071159,True,False
236,-0.00012317349597982936,0.008376488374501341,0.9631586473606427,1137506.9547020306,False,False
237,0.0076214101287912,-0.0071584432008495,1.0187399463104376,849325.3886932572,True,False
238,-0.00730436429757115,-0.004335137620900661,0.9539049082269232,1211668.8409142564,False,False
239,-0.015594024755824474,-0.00467607493027095,0.9370934738546587,1296307.908435696,False,False
240,-0.011826910044564124,-0.00389985921561901,1.0921953397803121,319626.44590338925,True,False
241,-0.003278736904095442,0.002172829095237636,0.9433292179682933,1271922.3175325743,False,False
242,0.01765697109708939,-0.008542125683688607,0.9551975678301312,1284650.2118344652,False,False
243,0.0065372796405894825,-0.0010803322415429012,0.9731471153175628,1118935.8978095562,False,False
244,0.01497156986467967,7.461564496667785e-05,0.9966257674430163,990092.0393158852,True,False
245,-0.012451365629884395,-0.0029239377109362293,1.034725255837898,680147.4957833865,True,False
246,0.004250359753468804,-0.002823923763172075,1.149605816184311,-3214.192320759408,True,True
247,0.008703319964671555,-0.0077936226130502564,0.9922085713245058,1022597.9661129313,False,False
248,0.0023811296850665942,0.00479676407906197,1.0576354371187917,554447.4539260188,True,False
249,-0.005137006009560228,0.0041330277688081925,1.0399579427036842,647632.6905435699,True,False
250,0.01568293052478806,0.0016608414979401333,1.0370180591079576,731137.1736152701,True,False
251,-0.0017724731820651085,0.0009049821985166198,1.0027296968368475,902409.0060055752,True,False
252,-0.002088743724661478,0.003457292310400968,1.0547251351706317,564216.390098087,True,False
253,-0.019227227015062336,0.008048135932921667,0.9352042361994872,1262774.683547603,False,False
254,-0.013487408733612545,0.006412078793217784,0.9572366862523174,1143383.9344344968,False,False
255,0.00962846523885605,-0.0027539436258126634,1.0357753663611022,734465.0665910562,True,False
256,-0.005521628388208964,-0.002882448843898069,0.9889024244389826,990328.520238827,True,False
257,-0.013114383313639049,-0.007257069049118439,0.9849671718710559,1006362.4117751198,False,False
258,0.015591125685510996,-0.0015211747430589298,1.0352520737937472,750954.1030169872,True,False
259,-0.019047401158216307,0.0036184772992367328,0.9604464292622845,1115299.4826136276,False,False
260,-0.01024460478023501,0.003442922453126169,0.9971831038759824,906987.0205069106,True,False
261,0.011805449324678766,-0.00951117877657187,0.900444830798639,1618778.4096362202,False,False
262,0.015255916268770332,0.003382092106227666,0.9475246673981378,1293503.8498724434,False,False
263,-0.012888469351401808,-0.0036435863709671453,1.0118014810593638,826516.1709965898,True,False
264,-0.016920640523479382,0.006789708198552714,1.0197084007161032,736036.6867323649,True,False
265,-0.023962782435885604,-0.008471415979501412,0.9627862323623794,1120410.4890005155,False,False
266,-0.0044525490655940555,-0.004880318984271899,0.9535589478643793,1223321.5495575427,False,False
267,-0.007309359411278136,0.0008383059172783391,1.0270118794129497,732973.4986693198,True,False
268,-0.007748143929911253,-0.003708521608023966,0.9773802202755728,1059604.51351554,False,False
269,-0.008359141840328491,-0.0005515517582538194,1.012401376971749,826707.1437316886,True,False
270,-0.023622394595518497,0.004319917792561607,0.9718348569917302,1028287.8301176324,False,False
271,0.0007573710703113732,-0.0007922356992956979,1.0576875103659058,565154.0886008777,True,False
272,0.003310823663317261,0.00021714603560295275,0.9981751471573116,947397.6987859427,True,False
273,-0.007367954688417803,0.0025475114027513116,0.9679956109555818,1102847.8877673019,False,False
274,0.011063180831454817,0.006273450233732899,1.0360388564171543,711657.3298659918,True,False
275,-0.0032037779655040037,0.012250068756411566,1.0409471166240816,624137.9551870101,True,False
276,-0.0054235605172113085,0.0086912426139371,1.0432213893982016,613421.9698832007,True,False
277,-0.0098876311792411,0.01120727722550367,0.9931407510514412,912040.2141670319,True,False
278,0.00986973477016076,-0.008853955071621919,1.053929725996462,636823.1216348083,True,False
279,0.0024945006278524547,-0.00392646432823602,1.0039944863772907,919702.351349632,True,False
280,-0.0108282397992997,-0.006861651112798943,0.955344384475956,1199750.9679925893,False,False
281,0.004522726192691087,0.008510207021079583,1.000619200136303,912165.6698954578,True,False
282,0.004415664038943035,0.0015881142764933122,1.0195093335706018,811169.732771085,True,False
283,0.007623711757127601,-0.001993025372122174,0.8821097942895906,1702651.970999335,False,False
284,-0.02005082300282859,-0.006938063202211117,0.9462417580632203,1232100.5224194033,False,False
285,-0.0002661471373563231,-0.01497632032234664,0.9312048527693566,1405041.2712981873,False,False
286,0.007470974513979445,-0.00320520902615373,0.9603813933767211,1208520.8751891472,False,False
287,-0.016798850494441877,0.0009410623832313565,1.0180887852555696,762941.2324800628,True,False
288,0.0076717733658367825,0.0027111108090167382,0.9132692401727683,1491807.1348536445,False,False
289,0.0021784149722076478,0.0029073894171022883,1.0121506095530837,848003.1779739675,True,False
290,0.011050680993561194,-0.011873499947677904,1.0196308085928902,866337.6987025007,True,False
291,-0.010741325857335306,0.0005387977558731843,0.933261391861386,1319636.2243165767,False,False
292,0.003484263434002489,-0.002069598740197696,0.9680054892172542,1145844.3719347375,False,False
293,0.004855836811074961,0.006633865804843015,1.0216660866907232,784653.0924275508,True,False
294,0.008556932434482514,0.004043233341422019,1.0166834318081688,833809.6443841683,True,False
295,0.005215863167773919,-0.003023242241323938,0.9756530480475762,1104751.3912095902,False,False
296,0.009950021566235714,0.005130672613861788,0.9478509241413677,1271795.6003691803,False,False
297,-0.02514313869701058,0.0064458172477374655,1.0034025788468304,817659.9260053323,True,False
298,-0.0027791420819299776,0.015068174618125431,1.0140659490760529,788190.1303867947,True,False
299,0.0027131923453620776,0.007855330773765006,1.0053900609474657,878653.3098608945,True,False
300,0.02463957935729411,0.0009801653541004322,1.051724746620952,664564.9999087392,True,False
301,0.0032604898399247596,0.00012516542626299636,1.006817828855703,892626.4737596752,True,False
302,0.008121749836640288,0.008302437807628267,0.9826952437684705,1036591.7793888275,False,False
303,0.0013391528684536826,-0.00981474792888801,1.0827959656905917,432431.3800842626,True,False
304,-0.011084025379469438,0.005961102725973027,1.0176576149478438,767613.4181155562,True,False
305,0.009765195561839092,-0.001125301853418942,1.0288107178921264,774542.7483417942,True,False
306,-0.007475383831256236,-0.0050020135775341494,0.9387712747863302,1309158.3586768343,False,False
307,0.0038302167558072237,-0.010712636928976312,0.9522685578308279,1270806.0887043364,False,False
308,0.0031798589215766065,0.005057789797278119,1.0664654404883096,499867.3885318069,True,False
309,0.0020218679648530036,-0.007314071670705032,0.9754008988104972,1109405.7798264709,False,False
310,-0.0014875320395727253,-0.007731884476638387,0.9912840068391416,999931.2934789278,True,False
311,0.006027408074744405,0.004051663768031023,1.0156600698127987,833244.2644239005,True,False
312,0.0056730359158657755,-0.007841319048135979,0.9659534019481743,1181034.7875754838,False,False
313,0.0018209319016360965,-0.0004239753387972258,1.0431195682234766,659606.2229096391,True,False
314,-0.011605908551454467,-0.00023595084973465923,0.9804723257790634,1019563.302634688,False,False
315,-0.00671782324967015,-0.0023282441536536243,0.9527012025702566,1215359.6418894469,False,False
316,-0.025001565384946516,0.0071360407778265226,1.009081523632068,780067.4245851964,True,False
317,-0.006457896920642197,-0.0019348444795319996,0.9632433063817514,1148038.290453611,False,False
318,0.002900220466855291,0.0036722476835996188,0.9884608658822245,998329.989690311,True,False
319,-0.014158448578631693,-0.004153431297336669,1.0102358245448633,834343.3480303583,True,False
320,-0.011989821441259338,-0.006505644682888621,0.981821396587852,1027378.9492705743,False,False
321,-0.01443411421939715,0.001054393674482243,0.921927284949758,1379901.6994129817,False,False
322,0.00681962285740403,0.008483810824064901,0.9371607570994615,1321638.6634355932,False,False
323,0.015150714064269473,0.0020966263976428933,0.9791798451068251,1095756.3419496273,False,False
324,-0.006679782226218908,-0.0032461601570556962,0.9727527113790402,1090679.287478383,False,False
325,0.006053223908922288,-0.007596589215616787,1.0448516273939692,680352.2288168636,True,False
326,0.01861714082368716,0.008697384165014355,1.0101304615000464,890473.5279073655,True,False
327,-0.004835923806029382,0.002946622328744546,0.9972393223384011,923066.6392348009,True,False
328,-0.003289132618184632,0.010355003924203134,1.0795309051795363,384140.94012132357,True,False
329,-0.007857417876664411,0.002509819709930279,0.9972836930329134,915590.3079507528,True,False
330,-0.0017949984878727347,0.0028558935188642163,1.105844487077477,242063.95455362997,True,False
331,-0.014899099525305897,-0.0061677599893595544,1.0137982438459776,815264.7726984334,True,False
332,-0.0001373860477241657,-0.0017007990199817038,1.0337948981752532,716927.5273110501,True,False
333,-0.0011334322792872357,0.00897935757054579,0.9722717301840068,1075142.2471411945,False,False
334,-0.0006940625943480541,-0.001571438019015418,1.0024889400897465,913832.9322044682,True,False
335,-0.0086004953678692,-0.000241236716733867,1.0381585714489272,661595.1351324547,True,False
336,-0.006907887806316944,-5.162847319418085e-05,0.9663377231835791,1121892.0191053099,False,False
337,-0.0222367366027633,0.002853121178038196,1.0469293770183234,559324.3144988352,True,False
338,0.010731016119321056,0.0036274697889785855,0.9785079714840692,1083459.7515828633,False,False
339,-0.0037693586108377957,-0.01107018882303559,0.9530039668857555,1245977.3875027765,False,False
340,0.0008361566602588255,0.0039170558173134366,0.9675841506239082,1124485.1208398303,False,False
341,0.028835477129867088,0.00024606340507836,1.1220750102344386,231513.7654079597,True,False
342,0.027798586666355665,0.005467864191255609,0.9959293653533393,1015206.7445154685,False,False
343,0.01600978509478333,-0.0005828021569461982,0.9642810466782149,1200223.7557554056,False,False
344,0.002160315794109388,-0.0034342212684355168,0.9503217935604374,1258261.5829057428,False,False
345,0.0059003296459835455,-0.002684112718370225,1.118672556826669,197437.47304283665,True,False
346,-0.005257275841622358,0.0038032985900362092,0.9715440406616852,1082692.455918639,False,False
347,-0.026317384748937564,0.013215032767210786,1.070487649624406,369511.41364851105,True,False
348,-0.009132598358219217,-0.007989125104275728,0.9709205961858682,1108689.1965025757,False,False
349,0.01277840250957782,0.004564398202877959,1.0231764309719937,802874.3827513575,True,False
350,-0.012530200662926814,-0.007967433231672398,1.0469234512251104,616499.5584810807,True,False
351,0.020972538120646186,0.0029740098333536744,1.0140477732202606,888083.2640373798,True,False
352,0.02325755740675657,0.003233110766858136,1.0231896885852017,835664.8155468635,True,False
353,-0.009310219372389626,0.007425722621682379,0.979926654619824,1008092.3647336935,False,False
354,0.02408147520451838,-0.00595535464098544,1.084686470365999,472986.3880572496,True,False
355,-0.009438964499694502,6.589939555102442e-05,0.9636308505291986,1131710.1280363821,False,False
356,-0.0047163785208877915,-0.006861161953141925,0.9733563463409801,1102373.393324648,False,False
357,-0.010604490796276756,0.0023414913617586957,0.9859244564034746,980551.5128066358,True,False
358,0.018988158592683987,0.007226043442667767,0.978894225188272,1093973.9965783074,False,False
359,-0.01158361064548125,-0.006385066835014979,1.049029515288395,601354.8624602982,True,False
360,0.0001057818361404153,0.004747162190713584,1.0216614945849005,776712.0535689511,True,False
361,-0.012140945416364396,-0.000844159900417302,1.0357398960314745,668778.7658656568,True,False
362,-0.016515987110752153,-0.00015304999748920987,1.024944272435213,723236.8762008174,True,False
363,-0.00162878008287821,0.005346255524031878,0.9914293585272105,962211.7476715659,True,False
364,0.01594997201496708,0.009572010584774289,1.0752203337444466,467248.0751270058,True,False
365,-0.017441106356639965,0.0031432516309503446,0.9803220116949941,994869.4160799488,True,False
366,0.0069180559012009075,-0.001257133035841295,1.0369938449596203,715015.9746019837,True,False
367,0.011923914483208028,0.002417955871106452,0.9181468820107986,1473482.5870197627,False,False
368,-0.003188494572535992,-0.006414051837944822,0.9718601346273845,1114883.7552871187,False,False
369,-0.0008053960923914577,-0.006108268924083498,0.9839443875108893,1043922.4449900528,False,False
370,-0.028084085200843583,0.006342315002754241,0.941244783352174,1204507.860327153,False,False
371,0.011345949453581184,-0.004553699744719479,1.0219213747085973,832238.0418089405,True,False
372,-0.007072334197866674,0.0014742359227698171,0.9446125671412712,1255157.1288031533,False,False
373,-0.01913010821499582,0.0046722284041269685,1.0606406506738923,475831.85976464185,True,False
374,0.005972841276024845,-0.0017067563809796133,0.9684788180447459,1148755.4304913806,False,False
375,-0.008453016529596041,-0.001126235172226238,1.0048336697679194,876105.7858847643,True,False
376,0.007379949688154822,0.004600543105336684,0.9214984305997116,1433474.3731414196,False,False
377,-0.0031758224757647753,-0.007343002843331679,1.0348406636271528,717533.8203114602,True,False
378,0.025879467767965163,0.005487745979150691,1.0183420535367202,867473.0498560788,True,False
379,0.011113173869243358,-0.00920834369571347,0.9744171197831875,1146232.0730668034,False,False
380,0.009401507526595503,-0.0006291278460226206,0.994123265822017,992439.1905727603,True,False
381,-0.006671997612168246,-0.010781034597300577,0.994917731510807,970910.870413958,True,False
382,-0.006553796169291378,-0.010990618175455795,0.9695352498859048,1133020.0022003073,False,False
383,-0.028971344929072985,0.010524836940052304,1.0064867010553609,776063.6270831784,True,False
384,-0.01064605830561938,0.0018785590419916189,1.0102554498225758,827205.3509827885,True,False
385,0.013545156451409609,0.007047124363431013,0.9715747256482282,1125805.3106469577,False,False
386,-0.0037109152385159908,0.0010644355359232223,1.0289644257209303,729960.3590780112,True,False
387,0.005636720655062536,-0.003128428068265012,0.9521302912832194,1255601.8093751438,False,False
388,-0.018960463945949284,0.0005648619756653693,0.9041890585261404,1481315.4274583913,False,False
389,0.01822584037329523,-0.00021488083010610034,1.0196708176719653,853603.8031526192,True,False
390,0.010692254205151163,-0.0049480135495655496,0.9920299259726479,1021347.9172597708,False,False
391,-0.009366183823858013,-0.003217125439005816,0.9681104291437127,1112602.590293186,False,False
392,0.015268089640448294,-0.0030106346115072466,0.9827919797083146,1087359.6207599312,False,False
393,0.0047819496075149695,0.0017338841504181306,0.8952511887456428,1600910.7658907017,False,False
394,-0.005468575638401448,-0.009148368128919952,0.9829614889088493,1045646.6671223762,False,False
395,-0.016662622341981594,0.004600421500097583,1.0228754060726712,722736.08713592,True,False
396,0.022310980730917345,-0.0047989837876214825,0.9581244391905879,1268597.9263405753,False,False
397,0.010521736529657289,0.0022488595848191794,0.9760983963832779,1102017.1176878344,False,False
398,0.0024206395575888814,-0.005050002911796427,0.9382845381391527,1339928.8609443516,False,False
399,-0.018023712206552456,0.003473872050928997,0.965749293885086,1084874.50942152,False,False
400,-0.007148651442831871,0.0031826509879892793,0.9944503821586786,933683.864936243,True,False
401,-0.0163964361164921,0.01012872319134857,0.9911151931100678,909788.7178949937,True,False
402,0.0025825403536526436,-0.0024429700458464885,1.035295949733255,717031.6117610477,True,False
403,-0.015636740445673196,-0.0001908496481152013,0.9981425264518264,895999.5637024727,True,False
404,-0.014994874317466295,-0.00543640748201195,0.8905576077409492,1595627.7673211892,False,False
405,0.007032267165175606,-0.00030653891653751756,1.0166575648587737,841837.6657577476,True,False
406,-0.007390505804457576,-0.00643907174136649,0.9574728638377026,1194626.3663250138,False,False
407,0.0026430572191581433,0.0009616531864164847,1.0416486019186861,667379.3770558737,True,False
408,-0.003054650680068416,0.002856429664952196,1.0207468394839092,778986.5231770191,True,False
409,-0.020990562826917063,-5.3964386747356505e-05,0.866793300718399,1714876.6659401122,False,False
410,-0.0039533755240734325,0.010814545599755756,1.008687711101944,830917.316389062,True,False
411,0.0008223932413808425,0.00966798553805858,1.0273603340676434,728817.8696402484,True,False
412,-0.005555438917384492,0.00151062592813725,0.9834961320467511,1012339.9724559544,False,False
413,-0.0018948015914906449,-0.000563645090994386,1.0258555643987566,759290.8213646612,True,False
414,0.0006541739890615802,0.004358691742405377,0.9434148340238129,1276241.542462681,False,False
415,-0.018717208623789856,0.008540888452036188,0.9480354973670682,1181335.1476067419,False,False
416,0.003117948751299152,-0.0010392771952539034,1.0081718114265361,886872.2110744907,True,False
417,0.007138705757059931,-0.005969499626957064,1.0871359567241952,410309.21345242765,True,False
418,0.007949194673111577,0.011925496591171798,1.0785514998570633,417271.48953914153,True,False
419,0.022285396941702257,0.0007488803928538833,1.0463258414348455,692942.7393778812,True,False
420,-0.0017182188892219535,0.002341312467050299,1.0116780233994354,841733.7557595145,True,False
421,-0.0019943215130005507,0.0029437397058423758,0.997177262397273,931378.4506289093,True,False
422,-0.008482848108252559,-0.0013543467124985044,1.0236514972351773,757151.1708146307,True,False
423,-0.015109347880103492,9.820554590004865e-05,1.0064973624277134,843603.855479596,True,False
424,-0.002648184580599311,-0.0008133269359098974,0.9568871190611286,1195887.231375741,False,False
425,0.009823354238759813,-0.008578067121154408,1.0050228358182398,946519.4700562204,True,False
426,0.008504573293463963,-0.0012098392292707457,0.9485362218962633,1281068.992231972,False,False
427,-0.0023198958647234415,-0.0048446898718345795,1.0367426995464941,700882.926307604,True,False
428,0.006286711518339518,0.0012137165475954422,0.9574288639116451,1211674.9287727321,False,False
429,-0.0037308084641892456,0.00645512492295863,0.9070096345260253,1489399.1783867518,False,False
430,0.010529812231304463,-0.0004665096732174592,0.9435534254809052,1316281.5016072786,False,False
431,0.00863533212806263,0.0010080470481767538,1.0291598790272403,763242.1039789622,True,False
432,-0.030236860758111994,0.00042429810789295394,1.0847605042060058,303562.0237092987,True,False
433,-0.008339719638979738,-0.0002958197910243471,0.981920055997094,1019627.3461889206,False,False
434,-0.02009532979504247,0.007933633567598445,1.0216167498667275,711896.3584986471,True,False
435,-0.0003249727909228278,-0.004865224309600824,1.0228781778825433,794542.5287815693,True,False
436,-0.020598078302952443,0.005702199680497999,1.0448302718202667,569285.8876879144,True,False
437,0.027462730726730538,0.0016187677763514292,1.0284378816267667,818533.8254607723,True,False
438,0.015196296916600146,-0.0018418113699860271,0.9564568430510549,1251153.1077878107,False,False
439,-0.0039130577389247705,0.003814405586431112,0.9630132408542046,1140579.8207661174,False,False
440,-0.008865310916384726,0.006067316744010527,1.0379290673210357,644755.5305410856,True,False
441,-0.003795441989635725,0.001695453699177115,0.9895236723923788,978445.3406489227,True,False
442,0.003148816520495188,-0.0018534821399242617,0.9666036850210442,1153211.53211157,False,False
443,0.015119121461835777,-0.00652454090034023,1.0332993496744152,775968.4305355039,True,False
444,2.6535927664880824e-05,0.0036643485379659,0.9906053980462206,976733.7144632272,True,False
445,-0.004065123425808096,-0.00802571775520537,1.014583540254645,845605.8635820794,True,False
446,0.024569337801333118,0.000965093027015732,0.9417876823611757,1362589.653746769,False,False
447,0.0073088512163273205,-0.007975785167543194,0.9265563787390149,1436161.404620387,False,False
448,0.0012335826755678501,-0.0016818667691140916,0.9900158133964064,998719.1447421003,True,False
449,-0.01774640298245086,0.004104354123857381,0.9837236389413766,969741.6239177343,True,False
450,-0.003845828678997962,0.006675923138832361,1.0053965640770517,863637.7372664856,True,False
451,-0.0004243286152480401,0.005264833172920988,1.0464749059313958,616212.7951082028,True,False
452,0.0001568852526259574,-0.007393303062247602,1.0736966144617104,480187.691231266,True,False
453,0.01291529891216732,0.0070455798363710095,1.0691831961569807,504173.47062085336,True,False
454,0.018682256506689678,0.0012896157677264322,1.0264827533272196,807425.8321300428,True,False
455,0.0012520869695279604,0.0014421144847048474,0.9454573915935602,1273052.5167786826,False,False
456,-0.006069723502913608,0.005695874715426573,0.9761592491058545,1045853.1200053841,False,False
457,-0.0038737097310749783,-0.005987309727085461,1.0027900440196715,915361.7674959786,True,False
458,-0.010520139458161739,-0.002389691580266474,0.943644270194938,1262464.785674423,False,False
459,-0.0019015062154345542,-0.002747295894552618,1.0659333102425006,510828.32900175825,True,False
460,-0.0027348312387843834,-0.002522442053764044,0.9454997729062853,1272721.1212235396,False,False
461,0.00441913443761594,-0.004564408034118203,0.909953064501249,1524064.9743935547,False,False
462,0.00098646595413628,-0.00384044662318302,1.0045531498573292,911717.3624593806,True,False
463,-0.018363100011006894,0.0035540712852449425,1.0235300106949705,716758.1059063787,True,False
464,0.017407870706903805,0.0006956223169728231,1.0350315678211068,751240.9183946196,True,False
465,0.0009517070870977877,-0.0013745378276134963,1.0220230251830231,793810.6176084438,True,False
466,0.019422579971445406,-0.0015288691816567376,1.0082158510560375,933339.6207990107,True,False
467,0.006237445006339568,-0.005161307853256825,1.0349687603441713,736849.5577657439,True,False
468,0.0006357455694728439,-0.003321439485953123,0.9677421810575926,1143072.1790783228,False,False
469,0.004029769652346492,0.006498327214229024,1.001886667633145,908344.310215228,True,False
470,-0.004976732087832618,-0.008166629727940617,1.0152937776674829,838950.1016820304,True,False
471,0.009287180911745553,0.006386050454242719,1.0130543762348312,852368.0969335475,True,False
472,-0.01277424788888823,0.0009687400948421005,1.0402745390535129,633171.5123199366,True,False
473,-0.017100625412990463,0.008128670949236208,1.0468268852073193,559587.0797040899,True,False
474,0.0002851221216171774,-0.00868906154513759,0.9712099533394419,1135014.295956642,False,False
475,-0.005349385912418404,-0.004800065900739776,0.9780715423950979,1064929.462290252,False,False
476,-0.0034340020972655327,0.0009728978610789918,0.9435253385267933,1273584.6641694536,False,False
477,-0.010504536401687614,-0.004029958941436978,0.9681510564326502,1111438.4886730905,False,False
478,0.02134475794523019,0.0013679264671408184,1.0485031278841583,674774.0104414981,True,False
479,0.021263941343834376,-0.010100426861267484,0.980391719929459,1139027.1502924783,False,False
480,-0.00867517763681666,0.005708203804389272,1.0122179602080694,809568.1090726284,True,False
481,0.012870347875000212,-0.0005887256296487207,1.0026475429869661,947847.1269759224,True,False
482,0.012235645818802739,-0.0055665012708640835,0.9778428608527457,1117463.467504513,False,False
483,-0.0019884544999763777,0.0003081241400751688,0.9769600476790469,1067124.7078069765,False,False
484,0.000574118116382273,-0.0013138240543076026,1.017326580535435,822416.34187293,True,False
485,-0.007155737753317057,-0.0038176261952161863,1.0376443996660005,678836.9643390793,True,False
486,0.0027611871113883404,-0.010379224061149175,1.029908257948985,773835.2764873663,True,False
487,-0.002219720761362946,0.013853807039647201,0.9886686738837903,954418.1956501799,True,False
488,-0.005250562639189068,0.0033825941266939484,0.9480061698002722,1233364.3326260909,False,False
489,0.020015595769481,0.011544180783202242,1.0208547065796216,818335.4852867196,True,False
490,-0.0053370935027725296,-0.0042916179370431195,1.0348742140308962,702811.2081504792,True,False
491,0.001345482017916095,-0.004915478431503338,0.9800038293737131,1071614.6380978676,False,False
492,0.012822675531123616,0.010809630306095257,0.9595246898122525,1189847.5120351817,False,False
493,-0.00316431801621728,0.003844254226452636,0.9678040076237915,1112156.1080856165,False,False
494,-0.0028935870415975574,-0.0020646529900806647,0.9963517153787722,948059.1054268801,True,False
495,0.000443292537894051,0.01021956013006545,0.988152009391219,975227.9444730601,True,False
496,-0.002886959112305471,-0.010927428882783585,0.9625154590816606,1187631.4788546963,False,False
497,-0.01853760549717073,-0.0031348787468677176,1.0160075157940116,782664.3769676711,True,False
498,-0.002118687969074377,-0.013788723376869072,1.0245214229571644,803952.6702613686,True,False
499,-0.012863860268375594,-0.005337582088866015,0.9968534696907289,926230.4043533553,True,False
500,-0.01298961402783136,0.0034453985999600132,1.0135791865340453,795212.5969584044,True,False
501,0.0009942401781094378,-0.0001888682191974255,0.9829446484838973,1038804.0402318742,False,False
502,0.007657818599593023,-0.01215794207506714,0.9943926309905714,1017965.6441590514,False,False
503,-0.00931232883243785,0.00704924792475593,1.0322199283685893,677035.094778406,True,False
504,0.015213376237573597,0.0008797281152627415,1.09962639778366,334397.1136643661,True,False
505,0.010228271900689102,0.008616264522192147,1.020293403143903,802806.8465103569,True,False
506,0.02251660829571173,0.0007132094726162975,1.0410472500033285,727208.4061429733,True,False
507,0.00304292431594772,0.004497657688406645,1.0227010625605508,778980.1631829555,True,False
508,0.0005950956233661257,0.0036843163226880963,1.0325232756384333,712052.5220624289,True,False
509,0.0030703521359028737,0.007728709653720768,1.0187237265989084,795321.7045807426,True,False
510,-0.008181708473724972,-0.0009647181995832595,1.0524337787041151,574116.9883009493,True,False
511,0.013320978351378724,0.0010227583767790163,0.9910322041205422,1018381.4935587335,False,False
512,0.004768604617476076,0.0014712833181475915,1.0726889211072381,474749.308101011,True,False
513,0.006460236760049801,-0.0028658497601222513,0.9753446733703319,1109735.424826893,False,False
514,0.0016233798247528336,-0.010367547523056263,1.0054931162196368,925689.1042614605,True,False
515,0.0015468313067543307,0.00017854618855565782,0.9742798349446832,1094347.1863808995,False,False
516,0.028407340415120146,-0.0015487909220283183,0.9758796868102932,1163761.8976121263,False,False
517,-0.0009711722950340247,0.004701590509120017,0.989547143776143,977790.0495920357,True,False
518,-0.030948129369403072,-0.008795743140501147,1.0634338997288717,462685.42349153943,True,False
519,-0.006975630571510266,-0.013390871579147248,1.0388083770942427,698593.5563706841,True,False
520,-0.002995678151640863,-0.005344838639333652,1.007356479530812,887017.3557706678,True,False
521,-0.015425616635960376,-0.005868743486515608,1.0265172257244797,732192.3387125046,True,False
522,0.028358582895163947,-0.0007659326933343612,0.9902531707168667,1070165.274224475,False,False
523,-0.015867263340310807,-0.00985224368805759,1.0148685954936094,816028.2182895929,True,False
524,-0.006158265677652803,0.010172966475242306,1.0274017938469313,707718.1262097177,True,False
525,-0.017116538525249674,-0.00559430001749644,1.0163875518508734,791052.3038936186,True,False
526,-0.01892403927231393,-0.004423618762892401,0.9995301078550644,889819.1765718919,True,False
527,0.006081053773013172,0.006605911598660489,1.0453167016621434,637943.1670446269,True,False
528,0.0006472526313442274,0.002618656040943749,0.9595661800765554,1178493.2183771213,False,False
529,-0.0030699935695653467,0.0072946143191628,1.015644326935095,798994.5989703597,True,False
530,-0.007259263270646179,0.0043375279678753926,1.0023965455125332,879697.583792578,True,False
531,-0.015881402114353713,-0.004678629258474111,1.062441876082422,499463.96776260866,True,False
532,-0.009552724896999872,0.0049265051631508135,0.9554334702446572,1169923.0399778706,False,False
533,-0.004598265649964888,0.010802034595649669,0.9231737994724114,1372230.9773212317,False,False
534,-0.008732454134738856,0.0037103511218140053,1.1186356532613324,139142.0269688645,True,False
535,-0.0012624682521274542,0.005442625587039749,1.0373698573770493,671208.4324995478,True,False
536,0.005566792460610717,0.009106294594270708,1.0863701507949464,368833.36057444767,True,False
537,0.0017781135202660588,-0.00975917611174879,0.9742737511118235,1122691.4725021713,False,False
538,-0.0049689173653632195,0.00035705629614802274,0.9349101613550513,1325738.8786985804,False,False
539,-0.0008251210724974021,-0.001188707836531356,1.0399392526653037,674566.7818460353,True,False
540,0.020795969040599438,-0.005835596819953922,1.0297183608728264,812594.1855351715,True,False
541,-0.004978675568568528,-0.006389010454684292,0.9945190201323927,965931.072932668,True,False
542,-0.0026731065533936644,-0.011809891398900372,1.0211305195988483,818435.9490279735,True,False
543,-0.013530679510262317,-0.008277076703105247,0.9694917508096874,1106322.7398723932,False,False
544,0.009322826256500305,0.001598170520760785,1.026019211650287,783458.599511618,True,False
545,-0.011404028450165391,-0.011862446587914138,1.0354305898522527,703463.9491031216,True,False
546,0.016132495202743593,0.004888282443888531,1.0008570858224708,953052.684041939,True,False
547,0.012817574187986413,-0.0029392427412526447,0.9471018473539344,1306997.4530441875,False,False
548,-0.00902351209120066,-0.005373316182259174,0.9752166373881933,1074428.7742140149,False,False
549,-0.013412359565058665,0.008330187370131139,1.009902092960287,803791.1059808831,True,False
550,0.008423237507665106,-0.008475281111247223,0.9530228695994136,1272572.720309368,False,False
551,-0.0030283617416268015,0.002996359424961581,1.0377237401252781,670854.8588339527,True,False
552,-0.026790651284308898,0.0024001204221249487,1.0075520832586384,797983.0331794751,True,False
553,-0.00013896712585002684,0.006753374367617251,1.0249243378743595,749725.0876166492,True,False
554,-0.005573878632092555,0.0008148904968987898,0.9644054290971811,1135464.7244053907,False,False
555,-0.0034424125493728802,-0.0006227304504551674,0.9499952314069634,1236914.3183125048,False,False
556,-0.007176947683095765,-0.007153055461826498,1.045303218225024,639423.2452840523,True,False
557,-0.011336177487304934,-0.006258118213872006,0.9688301771475103,1111012.8304898075,False,False
558,-0.02336881196796191,0.000818529011848695,0.9592371151737056,1118744.4588905382,False,False
559,-0.009599218496932712,-0.007932223141964154,0.9641049980067343,1150515.8365680408,False,False
560,0.0167765037593614,-0.010301317674099097,1.1008878044199966,361859.97706285,True,False
561,0.004851732021824853,-0.0015727805858677974,1.0406929705123116,686650.8611474868,True,False
562,-0.010687172086993515,0.006433689233727843,0.9699713211467959,1070244.351460133,False,False
563,-0.003761968303495649,-0.0032683027146373496,1.0272569829945917,752721.9952732031,True,False
564,0.004746834892742998,0.0019728306351933537,1.0713254541407293,481951.62439866224,True,False
565,0.0022550107181455764,-0.009136377337485737,0.9960462923707905,984014.2953019594,True,False
566,0.02534848999194694,-0.007289790232806706,1.0093190174298206,958864.2863739136,True,False
567,0.004174145442822977,0.006291159356417171,0.9449364065295672,1270997.331557258,False,False
568,-0.008779104418723017,0.006238022701342136,1.0466428653502864,589181.5355763744,True,False
569,0.0022159579408353586,-0.012210399698878924,0.9050093477398586,1570611.2737767827,False,False
570,0.0016114637947196027,-0.004928438881677281,0.8840146622205327,1681990.2736544434,False,False
571,-0.03881857188330704,0.011160670357039165,1.0101143881413752,723845.4139412511,True,False
572,-0.01001796730147826,-0.0026258941691934645,1.1017389547397032,260506.85412849265,True,False
573,0.009952038966078474,0.002276794879534325,1.0089459165153467,891748.5769915427,True,False
574,-0.01218691357310679,0.0036491259192800427,0.9555088380392024,1165667.6919747547,False,False
575,-0.013471036135723913,0.001527763204915417,0.9449432426492917,1235097.182077194,False,False
576,0.0002560061583326386,-0.0049913466908617825,1.0136974676737978,854814.7728748849,True,False
577,0.004016588029357335,-0.002366037233839366,0.899943757989724,1580391.4489148846,False,False
578,0.012604036829562022,-0.0013119028546663945,0.9739959459801297,1131076.7569842471,False,False
579,-0.01585199912493497,0.004097380975375064,0.9952177376740804,902038.481559763,True,False
580,0.004877503740182859,0.009536247296786524,0.9967123329744757,935108.5686442251,True,False
581,0.006947969242014768,0.00167760403761517,1.036411386941609,710629.3542805776,True,False
582,0.0275681631529329,0.0007251420110404228,1.0235936981384486,852078.7220218484,True,False
583,0.003283886751820612,0.005840449024253437,1.0224910805907663,777246.7322397009,True,False
584,-0.007634163108064535,0.0006926563208292933,0.9287763212065909,1356340.1870902968,False,False
585,0.017496651393034388,-0.006979130050329274,1.00935081523076,935941.8515270778,True,False
586,-0.0028342469661505605,0.0006196955607495513,0.9757708799666468,1071455.2169495877,False,False
587,-0.004785893004406742,0.0010015222520146857,1.0464436745922285,616137.6455240385,True,False
588,0.010613845206281433,0.0006795632084693348,1.0468820648817152,657115.2495050319,True,False
589,0.0047687279443357055,-0.009123551091254149,0.9156029044234263,1501848.0665444285,False,False
590,-0.005281735797769898,0.003873820115013434,0.9973233084098868,918711.4650478408,True,False
591,-0.014493814459408238,-0.001618975199725126,1.0194839865188585,767622.7565934822,True,False
592,0.010671916871876427,-0.005082108447991333,1.031815515463037,768997.8934124127,True,False
593,0.007586988909735929,0.010381670912588103,1.0090354857918287,862036.4773005419,True,False
594,0.01180881038743526,0.001517334418444537,0.959397161787515,1213700.6007896133,False,False
595,0.009918501812630225,-0.0058689554891216385,1.0639475640942506,565029.6864348811,True,False
596,0.007868751192927272,0.005578390770776767,0.9311035335375877,1371113.8960498674,False,False
597,0.0036457362983007913,0.0015457548975729265,1.0251871686255327,773086.2563053989,True,False
598,-0.007723322423001459,0.005365564576593557,0.9796235730054601,1020168.8060549407,False,False
599,0.01963188443847493,-0.001825396158090233,1.037817177859548,746758.2241293411,True,False
600,-0.003683054377907141,0.0031437851720972445,1.0784079386114622,410248.67043835483,True,False
601,0.021502681112110615,-0.0034582723539794092,0.9581486563946053,1262462.3100435396,False,False
602,-0.02143994275788759,0.009451455695696004,0.9986777118283264,849607.8445971755,True,False
603,-0.01576143191555983,0.0023750204037736966,1.0396663321655613,624804.7514426715,True,False
604,0.0074491226057705195,0.0026300170526225328,0.9695732428411382,1133842.8147537406,False,False
605,-0.001272555493613998,0.010426964590944185,0.9979961596467609,907357.2024987584,True,False
606,0.0036854608483061755,-0.004215600652186343,0.9848699378501689,1045276.66058647,False,False
607,0.005650262214350848,-0.008967023835947899,1.0272145536335855,795053.1206074322,True,False
608,-0.02398204422625188,0.001593269395231908,0.9741485316523133,1020182.9509471732,False,False
609,0.0009234581063107184,0.0027043271691259223,1.0447491277521228,638051.5282254297,True,False
610,0.005586684777214359,-0.0012403100924877745,0.9687980107852104,1144355.0917704976,False,False
611,-0.007728318819425534,0.0009711530022528163,0.9419618640566397,1271565.365419858,False,False
612,0.022576126297776403,0.00832433044232217,1.042274261890223,698395.9574045645,True,False
613,0.002370326879832678,-0.0008640029878873342,0.9610729939012818,1183414.1573911423,False,False
614,0.007895625493915476,0.006793495086529844,1.0568524204170402,569211.9408375012,True,False
615,-0.02043404632884182,0.003681542608581717,0.987004316094473,942602.7909216251,True,False
616,0.005996484506885029,-0.0021792939825499577,0.9674334065002523,1156775.6645347287,False,False
617,0.006086505808504044,0.004790223046451425,1.010312818175169,865311.8031280069,True,False
618,-0.0001277704821070885,0.004751372209846778,0.9353949301621652,1323904.0173547035,False,False
619,-0.00738423267473618,0.0026586741381092217,1.0544806336860373,553252.0081990293,True,False
620,-0.0105855411810021,0.004703667891624599,0.9312552576023003,1321217.2194201269,False,False
621,-0.008835971702482447,-0.007923921145538446,0.9952641587923072,954734.503354237,True,False
622,0.010524713427232357,-0.006527192916683571,1.0156215526385932,875453.7069730251,True,False
623,0.0021449719274454237,0.0037183495043814625,0.9626944221033975,1159734.579724575,False,False
624,-0.011019354010923759,-0.005421153255198822,1.009532106686103,851078.9263084548,True,False
625,0.005538641579529891,0.0028840723524775225,1.0869907624184245,382133.37216299877,True,False
626,0.002139555959800602,0.006226208378373778,1.016071308907664,813757.7892542548,True,False
627,-0.013109775082055214,-0.0026542688101996925,0.9488627707325225,1222851.7597924224,False,False
628,0.009971059877753886,-0.0001961129132324431,1.0001566446990495,954503.0166234141,True,False
629,-0.019653059137920512,-0.008058829930639937,1.0725067984479342,434454.9550456557,True,False
630,-0.009042957355619984,0.016315141909171448,0.9735421192199848,1024638.7203477151,False,False
631,0.002038740560706936,0.0055153672311202525,1.0495981339348532,602536.7258713163,True,False
632,-0.014464824579859384,-0.0025083089253262135,0.9696747384518424,1086502.9322579012,False,False
633,-0.012875594246195401,-0.0007635507173488445,0.9747499840659659,1053838.6128890933,False,False
634,-0.00041922556011791045,-0.0021606918980012005,0.9852203961508492,1025905.6325017675,False,False
635,-0.003585163170901237,0.0035897857861455023,0.9657617334465123,1124662.8822356444,False,False
636,0.018969087678584535,0.005380181512433037,1.042840478600924,692954.9121367971,True,False
637,-0.0035681678755624642,0.0016319690554503171,1.0370016043577652,677736.1808925197,True,False
638,-0.0012335971557672289,0.0016745055301684466,1.036735026448989,685809.0675385102,True,False
639,-0.010285781931076599,-0.0031317522974807577,0.9957675514172409,934162.9165471918,True,False
640,-0.014378378119769367,-0.003823155233279605,0.9893640248074458,965362.5488678565,True,False
641,-0.01717535776549143,-0.00782291594300216,1.06523246029138,486892.21911102894,True,False
642,0.007909354720295013,-0.006378743953493016,0.9098510583963424,1539478.13517438,False,False
643,-0.002441663751651921,0.0116832687209184,1.0108568703327967,818931.3921762905,True,False
644,0.006978403894064596,0.006492941705480272,0.9771535874947435,1073639.4652210777,False,False
645,0.02258993271011589,-0.0015023036317226748,1.0921714582663715,408904.5060209186,True,False
646,-0.013903253361473078,-0.01270262339472474,1.0436422117261146,646696.3373257191,True,False
647,-0.00047730794410817234,-0.005164590206173343,1.0099709056166877,876922.1123009238,True,False
648,-0.014625933816221575,-0.004794131633853633,0.996646925181181,921124.6311026919,True,False
649,-0.003028981393483832,-0.0011395382469992243,0.9815023842779075,1039410.9240631151,False,False
650,-0.010790495029467885,-7.001292525251361e-05,0.9335679503366403,1319247.135430758,False,False
651,0.010214427711130847,-0.000829566736012425,0.9501475215923791,1274537.0187518657,False,False
652,0.006874441248722363,0.004164905983430794,1.0386331536457472,689391.4352910977,True,False
653,-0.007196945109332144,-0.001172079360154702,0.879117038734603,1678119.3399989586,False,False
654,0.005775115988425543,0.0010032127910428023,1.0283056982418592,760718.7381579641,True,False
655,-0.005557265601146937,0.0029075425903763905,0.9590614682679033,1163623.9596678056,False,False
656,-0.005048360848533959,-0.00861089736148094,1.0135706457112321,850930.4585379381,True,False
657,0.018897340473345396,0.007198740606238797,0.9791175763770089,1092378.762148275,False,False
658,0.004629747632637259,-0.0023198693834166235,0.9899841203631639,1010149.612806763,False,False
659,-0.017354709124896783,-0.0038433249268395578,0.923119696361228,1377832.4100833517,False,False
660,0.0038919502834483875,-0.0018273886300024028,1.0463994134682484,648448.0403028214,True,False
661,-0.001663333699535596,0.007029307942217886,1.0672760740962972,475750.39253274316,True,False
662,-0.0043724317792379055,0.011202104817609106,1.0200321566975472,756626.8203486588,True,False
663,0.0004247298322918728,-0.0015808840353461506,0.9304526082137403,1374455.1345138752,False,False
664,0.010510543139790187,-0.0010132847444963744,0.9479038899345626,1290121.295791281,False,False
665,0.010957122039957959,-0.011326776694941374,0.9360557519306737,1395316.2590288674,False,False
666,0.0027580660463643603,-0.002347720100162502,0.9329033888954273,1367520.3397302604,False,False
667,-0.018955155217680052,-0.004715462864806243,0.9267093629921838,1353008.222779779,False,False
668,-0.002299766135450095,-0.006732476708645062,1.0050117661288132,907707.554313855,True,False
669,0.012404089946315389,-0.006909387412448247,1.032485175695505,774652.8903141009,True,False
670,0.01740272894788125,-0.0074547129091400285,0.9631597080522186,1230350.4561898794,False,False
671,-0.014422358116369676,0.008386135253622338,0.995282663530184,893667.7512289152,True,False
672,0.0011740346742946158,-0.01081992314430782,0.9712849371375725,1142943.7040218748,False,False
673,-0.0014799923563506951,0.0022137792471453414,0.9252408107772401,1391689.373585584,False,False
674,-0.010430453537449593,-0.004193313111818162,0.9427157613987944,1273631.5373873904,False,False
675,-0.007190120837209508,0.0023038288067685703,0.9671184454125485,1109591.8105734186,False,False
676,-0.001739377626475453,0.015070946840108247,0.9745243829003154,1042193.5709342381,False,False
677,0.006249316769331645,0.006538922950897428,1.057652162122992,560259.0849597948,True,False
678,0.012289408367735363,0.0022820116652854934,0.9077407479559304,1540964.672228216,False,False
679,0.0018076924000190253,0.005606504951390913,0.9992673407820116,921276.0965516656,True,False
680,-0.004788951944705701,-0.005941673294885607,1.0474218835820295,629243.3497252716,True,False
681,-0.004076057462881657,-0.004076849065343754,1.066665542035538,503826.0676516703,True,False
682,0.007676550702394681,0.0007968397755516146,0.964268869598979,1173265.0822834198,False,False
683,-0.00436445879893297,-0.005595149369914374,0.9637781377475767,1160657.403711423,False,False
684,0.006590637975047712,0.00446952046792311,1.0311593747023622,735217.3508517654,True,False
685,-0.013129029707213444,0.005393281253499218,1.0005048500746259,872433.8519156962,True,False
686,0.006442655185846072,0.005855292580083812,1.0461191392580083,635943.0102264159,True,False
687,-0.007514376841414357,0.0008671775676270489,1.0146380699738429,810904.9166519044,True,False
688,0.008603840860127273,0.005585856172441765,0.9867086942674289,1020007.1025287929,False,False
689,-0.001513185666674745,-0.00687854254868632,0.9778676816841336,1082687.756425191,False,False
690,-0.00011987714511946056,0.006670770654704502,0.98593638609192,997609.260463408,True,False
691,-0.011972161016231877,0.005977243376275173,0.969797297008778,1069043.25997931,False,False
692,0.01503363649077311,0.0009401797573495267,1.0130005346371407,883864.117493024,True,False
693,-0.01178848600598873,0.002699184151603102,0.9873264823415838,967356.3324245894,True,False
694,-0.0016114593962456973,0.00048393579974258016,0.9817766446669355,1037095.9042587706,False,False
695,-0.007245979566146985,-0.005677486916036798,0.9557971300774815,1203550.8662498905,False,False
696,0.0018340770407197886,0.001723579156593903,0.8906635849172342,1621868.5148182833,False,False
697,-0.017716687532354596,-0.0011260072016466244,0.9435822739779771,1239309.2609947773,False,False
698,-0.0170102589956587,0.001680688947982553,0.9822626530447149,987815.3179190601,True,False
699,0.015217070994665266,0.004710203641867905,1.0222227023950239,815313.4697860619,True,False
700,-0.009985829338252107,-0.0038313585372349445,0.9346310144423748,1325205.519141301,False,False
701,0.00018185474802335396,0.004340221731861766,1.0619984014012216,521888.6059631866,True,False
702,-0.002438396006971965,-0.0054194973517804595,1.023835739045427,784121.4081555454,True,False
703,0.0031927369840099576,0.008728036077434899,1.0111119337406158,841220.993805096,True,False
704,0.010073111438400138,-0.007581780705801821,1.0318036711254566,774364.2182853488,True,False
705,0.009207168254949012,0.0021372743320875434,1.1073028087654548,265427.64645203867,True,False
706,0.008147357808288033,-0.004428094835956958,1.0348575882516364,740830.9492222844,True,False
707,0.0012152208390266506,-0.003301896971626111,1.0307725361643143,744343.3694938779,True,False
708,0.0031175423558281305,0.01679982124257233,1.020890779902847,756441.0961741051,True,False
709,-0.02021206970339521,0.0165187826153457,1.0246931695911896,668137.0136418703,True,False
710,0.01406488506377554,0.008117638371326289,0.9271202852971218,1406589.367419852,False,False
711,0.002982726183355035,-0.0040308830900073,0.9885121354592648,1019675.8833148462,False,False
712,0.014295817531007263,-0.008315573244953096,0.981547378885192,1107323.7907574568,False,False
713,0.006983164650186663,-0.013113788069720656,0.9435219269443598,1341813.347224848,False,False
714,-0.00702615043716428,-0.0011008751479974885,1.0389462988055658,663367.555167405,True,False
715,-0.017856846857532114,-0.006657765720263939,0.9973560847998776,912815.1139983885,True,False
716,-0.013055057078182676,0.0035299478393543563,1.052690943306612,546407.7345292649,True,False
717,0.0037515743791521625,0.008958521016290941,0.9907878121343564,971207.5364670441,True,False
718,0.000952001312585943,-0.007848352783791963,1.050407512545968,631569.8465659074,True,False
719,0.0002816269471354419,0.0019122384318824167,0.8911396830008885,1613998.5382785676,False,False
720,0.0011936300547869903,0.004779021800522046,1.0134773482082664,831626.5470062355,True,False
721,0.006319155299684225,0.00014039642640427042,1.035944323985171,716124.0687543431,True,False
722,-0.0084601112995639,-0.0024190660605684145,0.9831877101013954,1017151.8350378727,False,False
723,0.010081466172496441,0.0029805647233762055,1.0695585118408248,505216.97364614706,True,False
724,-0.029323536347697732,0.010996236775784866,1.0046883562240667,785191.9058884112,True,False
725,0.0022072481943702245,0.0038147648116053303,0.9741106259709289,1087138.5731096272,False,False
726,-0.024234536617095813,-0.004413994531304222,1.030191127793099,680291.3086223465,True,False
727,0.006582882900633823,-0.010178790820371972,1.025817643779178,809893.4381289138,True,False
728,0.007214575836532437,-0.011929683532834317,1.0406514880923405,722320.0009547481,True,False
729,0.0027378383253495813,0.011016383266669528,0.9634465453673632,1136294.0823354619,False,False
730,-0.015226003277715715,0.0019574778162416056,1.0000645625073081,878956.6524034373,True,False
731,0.018000491102925162,-0.004640542676327704,1.0139832019052843,901415.8545629719,True,False
732,0.011117760740798954,-0.0003551223919662689,0.9270731197873026,1422269.6333259435,False,False
733,0.012862627560862995,0.003155550657184712,0.9773458024187879,1098087.333290268,False,False
734,-0.004465113562662521,0.011247489133465412,0.9705014414157551,1070797.6314034718,False,False
735,-0.008392023253220372,-0.004254148262510923,1.1064923706069991,239377.42952742253,True,False
736,-0.0044939512310427435,-0.0010207258852901974,1.002257258531657,903194.2805004341,True,False
737,-0.0014778400919401742,-0.0025024023419460586,1.0225188404937793,787038.5766838633,True,False
738,-0.01073415071342222,-0.001020832633679986,0.9942837669524147,936462.1626373368,True,False
739,0.014864880848343982,0.008065802298924694,0.9999070574857812,946712.9072127009,True,False
740,0.018325081148465,0.0014194582035055587,0.9916499570927126,1027283.1329724813,False,False
741,0.00719182879358718,-0.0028495301960573434,0.9770744651126527,1100740.998949133,False,False
742,-0.014762652344747378,0.0068247333670960865,0.9875153537768738,946394.6494263652,True,False
743,-0.009750949995941921,0.01113030559234936,1.0077671074547732,819747.1995542098,True,False
744,-0.013523258813603231,0.002831306864574173,1.0041681318313094,855203.3853652112,True,False
745,-0.01328468036035941,0.008974576159528772,1.01311382707736,781956.0471133257,True,False
746,0.014061396967989675,-0.012839790624692957,0.9441751389600784,1356604.7268950695,False,False
747,-0.01981236400898707,-0.00934482167764228,0.9689111556008764,1095496.8144028478,False,False
748,-0.004752519790366975,0.0008662910935813376,0.9691385530300695,1107549.2311406175,False,False
749,-0.004617600450118627,-0.008302243787690192,1.0099823324308985,874058.6762667224,True,False
750,0.018901591873739944,-0.005265517986994724,1.0336119290556596,781007.4021348269,True,False
751,-0.0029232341979706783,-0.002209739216685951,1.0285450571711618,743929.9120145338,True,False
752,-0.0034496553635407377,0.008073761876120907,1.006572920803848,853378.8810170629,True,False
753,0.013693322531210021,0.001784209372966935,1.0031411482568602,940398.0349456081,True,False
754,-0.020709004704420435,-0.006983061093755855,1.0384847418827519,644585.4353298382,True,False
755,0.0038440415566038336,0.005377499606716954,1.0121123547209652,846006.8253034945,True,False
756,0.018256439746013105,-0.00189245532778672,0.9419914338892036,1351677.6447572932,False,False
757,0.009904415703273863,0.0003876110888845824,1.030080086230331,762657.65603042,True,False
758,0.0067490586247002425,-0.005757557605252842,0.9261562663629499,1430969.7209023978,False,False
759,-0.028707509144578175,-0.006867660768920499,1.00238489692406,851259.7839868882,True,False
760,-0.0008799735912286777,0.0037072508095376423,1.0009541746870911,908368.9447315997,True,False
761,0.0006642326091878572,-0.004481785578721332,0.9371929077892063,1340390.8435743032,False,False
762,-0.0035052167074599906,-0.0036415174838581852,0.9532155003784003,1224691.3735144592,False,False
763,-0.003068035879722166,0.005888877188176631,1.0623183563549914,506499.80601432803,True,False
764,0.006819066173250537,-0.005997589109421939,1.0290128688466726,778620.4497311898,True,False
765,0.011062792471228126,0.005945163221265332,1.0472240214751387,641536.3232621695,True,False
766,0.023414430130120838,-0.004605714764082654,1.0083409368928655,952221.1084283043,True,False
767,0.016438792727131522,-0.003747934265848746,0.9780853742748048,1122560.8665378192,False,False
768,0.003212186225074886,0.005512207565951383,1.055479100222466,568463.5318929655,True,False
769,0.010205742857091924,-0.005849104417640399,0.9742786542016051,1135235.0562457945,False,False
770,-0.004205364487700266,-0.0020201792271030447,0.9233293216126983,1408027.8670767937,False,False
771,-0.009570247647899408,0.0020430056546936054,0.9542164671821771,1185629.3811737387,False,False
772,-0.012693628791201339,0.010399643841941083,0.9774456510219557,1006152.723944928,False,False
773,0.011821016487037449,-0.0041693735914971036,0.9557039581224239,1253018.1134429704,False,False
774,-0.00011666979942335431,-0.005187736662367921,1.013869853095291,853229.3074097963,True,False
775,0.007335699525406257,0.0020311907152518486,1.0411451115541872,680661.8899155753,True,False
776,0.005582680855538123,-0.006278326350849756,1.006658482319667,917926.5685873072,True,False
777,-0.00284676682336514,0.005019577513384247,0.9851336355317029,999713.0698968037,True,False
778,0.02978230537190413,0.003193307755072348,0.93983768387036,1383281.650906115,False,False
779,-0.006525941015976573,-0.0016262993806053976,0.9438005450164879,1270465.3506705323,False,False
780,0.007666827055801856,-0.0037547611106036856,0.9776616011367176,1100854.167878017,False,False
781,-0.007113108475584289,-0.0016926701727834029,0.9928742319977564,957363.0338887853,True,False
782,-0.000919665383898945,0.0003264416051957277,0.982807506980846,1032913.2110288941,False,False
783,-0.006996348463845104,0.013320095081213781,1.0397574990816232,618157.7230594275,True,False
784,-0.005810654838062857,0.002693267927133503,0.9604272646653089,1154841.3089655265,False,False
785,-0.01870476257791467,0.013431699879451435,1.028858774198405,654471.0602062002,True,False
786,0.005905060925691672,-0.008005992067719417,0.9968424292956104,985971.8051885804,True,False
787,-0.0053043022978095395,0.010850787446483098,1.0456430716570222,592363.389421961,True,False
788,0.006339418672595821,-0.004489480277806943,0.979665755082716,1086476.6073515278,False,False
789,-0.001423037394309784,0.009090596485767414,0.9663634204887964,1111548.4398955447,False,False
790,-0.008038207182147223,0.0019169562252650209,0.9980345461343307,911968.8765931344,True,False
791,-0.01570415046086689,0.005339650347454195,0.9600660215939706,1122230.4298148577,False,False
792,0.0029573787950405066,-0.004866854551018364,0.9629501814092833,1184268.7853110167,False,False
793,-0.007805979235553984,0.007616170253738444,0.9855005446549756,976351.1859818439,True,False
794,0.0018370893247479812,0.000664121237164525,1.0512469718086606,605007.6876921024,True,False
795,0.006272061957187886,0.00724444078260818,1.0389289261152252,677264.3811493507,True,False
796,0.00887781245958432,0.0018036659308695519,0.9714337397575393,1128304.2982191956,False,False
797,0.007232958733152779,-0.00351886350743565,1.005355771281442,923112.2653582136,True,False
798,0.03662948770358819,0.014009733533880119,1.0268002484434973,819959.299383073,True,False
799,0.02287307869021364,0.005405391566721532,0.9074748133555788,1563419.429037247,False,False
800,0.005647218957726503,0.005214891899533984,1.0059005937641923,890927.7131482634,True,False
801,-0.0001314731988118987,0.0007591372767668353,0.9714329421677815,1106139.2858080321,False,False
802,0.018889819208464012,-0.0025148356027012205,0.9218719096432367,1482946.30800382,False,False
803,0.006313723613198348,0.004006641987105299,1.032164571849106,729351.2723079885,True,False
804,-0.016720963162831132,-0.0022849120241780164,0.9866191447324595,971992.1098825901,True,False
805,0.03150855979285034,0.0010005118498095762,0.9694295272726219,1206261.2509695003,False,False
806,-0.004036106964275492,-0.0014391721567381676,0.9774146807406561,1063401.4178316812,False,False
807,0.0026099605483418695,-0.011023904388299989,0.9497949841064013,1283984.843380394,False,False
808,0.010103099689163252,0.00497558208952123,1.0612028310151118,552788.5069328274,True,False
809,0.002938713388451057,0.00044360647853846106,0.9615175303084771,1178533.3928831804,False,False
810,0.0012953511324581394,-0.0055921826877469915,1.0270071303705546,774854.4685579218,True,False
811,-0.004721131186637752,0.004689445518977069,0.9361780878702783,1306317.0642312372,False,False
812,-0.0005347611062135304,0.008014981796422533,1.026205512934373,736975.3050599458,True,False
813,0.011570953984837108,-0.008239551622486725,1.0337471016769617,768022.2557470973,True,False
814,-0.005194691598785399,-0.0022776781848042062,0.9672269006507173,1127210.0907827904,False,False
815,-0.0025227988581710144,0.002724094457156437,0.9465738236546889,1251886.4844545831,False,False
816,-0.01416377271649843,-0.004650021055831881,1.0169108597982937,793319.5954655858,True,False
817,0.009913726721624942,0.004619639680478073,0.9913142660033207,997094.0415625388,True,False
818,-0.010646518428879113,-0.0030113584672437754,1.070417987080267,458740.5435893899,True,False
819,0.0003920258362370486,0.008609305495642212,0.9183061957732448,1423137.805209536,False,False
820,0.005798506280147675,0.0056025531945178625,1.0032066557471044,907378.1752882224,True,False
821,0.006823242104049554,-0.0015803893871460454,0.942376721899042,1316537.591491135,False,False
822,-0.003986473269422627,0.004365989829757337,0.9681594459402777,1106158.073056147,False,False
823,0.008799862243760078,0.007527208287915078,1.0565069795035695,571880.391366154,True,False
824,-0.02230259883997817,0.005545474384577433,1.0204293561928726,719940.6609826754,True,False
825,0.01493051236245434,-0.004896772258889587,0.9443178643852685,1336007.9536396065,False,False
826,0.008503196777252867,-0.006629100975740158,0.9835738856054153,1073635.8166406793,False,False
827,-0.015521989236788642,-0.0009626857142770723,0.9816260638925676,1003358.6337154323,False,False
828,0.0017392793763512083,0.003899562459117157,1.043508702042835,644873.0026494669,True,False
829,0.023465235291070155,0.0012662357029370984,1.0547275724756757,641429.8331480818,True,False
830,-0.012920684591136215,0.0007215614630576907,1.065243898789808,474878.8113767108,True,False
831,0.012616463248303601,0.005096274315999022,1.0356288116191228,721861.6960374883,True,False
832,0.012281823695118457,-0.0003979011051219684,0.9892163270316362,1030975.5262678964,False,False
833,-0.01697275550925942,-0.0078062916583655755,1.08684542683014,350152.2484778492,True,False
834,0.008688947020200847,-0.002666409862231389,1.0084265647828377,905290.503854667,True,False
835,0.011138408441226988,0.003258925509893708,1.0029552149399112,930362.2781327271,True,False
836,-0.02063368739121188,0.0030518281142413255,1.051647938012664,533267.1282180588,True,False
837,0.013034141276356518,0.0028750688713453927,1.0230955700914486,808802.0467774968,True,False
838,-0.0031352923480777155,0.0019116841228407867,0.9301332086745062,1356852.50625834,False,False
839,0.002143294177500219,0.005039048966643764,1.0365189563179384,687215.6365421305,True,False
840,0.0027868404363591698,-0.010303825850673314,0.9833105145620488,1069625.4828519218,False,False
841,-0.010221099267249205,-0.007036755191963767,0.9921425416783844,968234.0034690453,True,False
842,-0.009663402177503768,-0.004026359407672994,1.019846028154625,785470.1027631641,True,False
843,-0.0002884120570986474,0.0053839413313211334,0.9570196337755013,1184363.9146228526,False,False
844,-0.002918736849331888,0.0039143969823624905,0.9641052339983583,1136134.2768897181,False,False
845,0.0027028364385289845,-0.004901264095703471,1.0238638153138828,796811.3246851943,True,False
846,0.003875547889803346,-0.006517206542636826,1.041812045958412,690589.6285842487,True,False
847,0.0009229332651450113,-0.009638637417120732,1.022955898112849,810809.4256379306,True,False
848,-0.021855426261497588,-0.0003563388619097456,0.9862480179623836,954688.9097211108,True,False
849,0.013501058449832227,0.01880455230899353,0.9823009003783238,1024836.6954578669,False,False
850,-0.021778579074134313,0.011154274313397045,1.0118642592775158,760181.494146128,True,False
851,0.010006661451088205,0.010889812421921701,0.9976270913962825,939808.6504613638,True,False
852,0.003691095543472918,0.003211082898899309,1.0437104613162806,650941.0100541797,True,False
853,0.02376921776662215,0.007309407055103724,0.8912475654237035,1663668.4996701297,False,False
854,-0.004113575799250509,0.0067057183425140495,1.0491948439526477,584659.4252131663,True,False
855,0.004413162405875225,0.0037849471165339855,0.9712185770829187,1111728.3410998397,False,False
856,-0.007809786913990471,-0.007562540815151928,0.9611561515710627,1173195.0034166737,False,False
857,-0.015891934656576994,0.01383989220255245,0.9681365921070267,1046793.2781548563,False,False
858,-0.015212295802860263,0.0006660933887081642,0.9186111950388924,1399875.9756619341,False,False
859,-0.010177617996277704,-0.006568303598098579,1.0296449826207026,728884.0288747626,True,False
860,0.01604456934870386,-0.005675946112684026,1.0190397448979278,866740.9422296255,True,False
861,0.008431979861070964,-0.0004241356313790356,0.9984162085329102,961906.6618530361,True,False
862,-0.02105431613832722,0.0005566755565341933,1.061446459069918,476814.0629242128,True,False
863,0.0054344811430761045,-0.004218633585873439,0.9301418540247277,1397715.6318636746,False,False
864,-0.009706806591920058,-0.013603170748151528,1.022326535166848,796253.5759693176,True,False
865,-0.009127773842108538,0.0020971599683407495,0.9538336977593067,1189141.1340111792,False,False
866,0.0010655426969226698,0.0028954976704405654,0.956710318880038,1197023.6844344698,False,False
867,-0.02002879013357043,0.006374886395219806,0.92395173528663,1336662.3921557928,False,False
868,-0.017336566531201088,-0.00998111867482153,1.0126356175832005,826478.097860662,True,False
869,0.0014807233951587963,-0.00010802395575026783,1.0085442765063697,877357.3769224142,True,False
870,0.021028366598957262,-0.0003661354863803239,0.9887870563269532,1057959.475012198,False,False
871,0.00036055131762350565,0.006350015251103657,0.9733306383341936,1079894.799525831,False,False
872,0.020656370356813225,0.002804336472391649,1.0409519947179546,716814.6327734863,True,False
873,0.010487669324611813,0.0005202344000115751,1.0032583711781953,934248.8819712662,True,False
874,0.002357936543851975,0.004895044357816578,0.9986828103755659,928500.2617176322,True,False
875,-0.007764703272300268,-0.003278931725608987,1.0045469006117649,885834.9869072569,True,False
876,0.012353501864712166,0.00031061874920505387,1.1065876898905025,283811.5834262633,True,False
877,-0.00050549260828537,-0.011107536819422137,1.0033856267937884,935207.1677022404,True,False
878,-0.00902653631176884,0.007279811210976537,1.0675765460805189,452649.2635423471,True,False
879,0.005652709076351054,-0.009115007831243695,0.9730663769835868,1139351.1192415596,False,False
880,0.012917594597284837,-0.004865015694148423,0.999874908936899,977489.9773352686,True,False
881,-0.022101204733661114,-0.0016586245279555036,1.0346987886303602,649933.0129568626,True,False
882,-0.008575656972441248,0.008098353049271154,1.0956597456302137,273277.66036444285,True,False
883,-0.011047333827343946,0.011385164612514185,1.0011661443306747,857350.071519595,True,False
884,-0.02405060832142081,0.0018642703765594008,0.9976177977303692,870191.30283153,True,False
885,-0.007986016580736749,-0.0018951795611146782,0.9060824986808412,1506685.9391400083,False,False
886,-0.010322568255365773,-0.0005094870876988205,0.9915748186535528,953388.2101228242,True,False
887,-0.0071639990730880876,-0.0010526507631123778,0.9298304829111099,1355812.3266476656,False,False
888,0.014088679635406899,-0.0018046471642414025,1.0170712800203998,863021.9795173905,True,False
889,-0.03259029532171205,-0.008343085506522576,1.065112548071362,446193.8297631487,True,False
890,0.026585327623546477,-0.009656849724401293,0.9537311555195691,1321918.1059386,False,False
891,0.01431562029594479,-0.00219465550146972,0.8747981276946877,1768274.54989488,False,False
892,0.0021113370852224433,0.0014443413485246794,0.9649956663837945,1151356.177516702,False,False
893,-0.022980145875367505,-0.003298247996992756,1.0015524025792426,862553.4157157458,True,False
894,-0.007684564847122026,0.001689486479196842,0.9250351392969645,1377184.3486282174,False,False
895,0.01641243696353462,0.008191585882131525,1.0307514523482844,754786.6903151895,True,False
896,-0.01972306118414804,-0.004283099624463714,0.9968728881498695,904079.1702789553,True,False
897,0.01554657827236165,0.001527735471232325,0.9250921759368903,1441936.764908425,False,False
898,0.001329450123946766,-0.007984244596489451,1.0256415505766119,790280.1400368733,True,False
899,-0.0008895181461399471,0.008765282071743251,0.9478268425917669,1231659.4202099924,False,False
900,-0.008991574955896855,1.9921197735928662e-05,1.0552771439311746,551064.5584636899,True,False
901,0.024183809666117943,-0.005668994772263937,0.9757532785469337,1164277.066897295,False,False
902,-0.01366195377875124,0.005960417057574753,1.0146632570399554,779455.8992507309,True,False
903,0.0013528727845785182,-0.005199673221741311,1.0027918770275122,927706.0312129089,True,False
904,-0.006980359718123636,0.004532144584117282,1.036058280513963,666156.3408895504,True,False
905,0.011019590134252476,0.007901465494808258,0.9931828584838619,979170.3163424181,True,False
906,-0.017681479421188414,-0.011657019560792719,1.0268430750184177,739955.5156110076,True,False
907,0.01603983018987224,0.0010451902752860824,1.024313102094074,814529.7656197462,True,False
908,0.014094709594767855,0.008552801275251275,1.0146059255581061,849865.3235946409,True,False
909,-0.00934161345575383,0.00756797730938707,1.0493211769884305,566904.6453125081,True,False
910,-0.011582750918886503,-0.012153607138058317,0.984264614399293,1028717.1043224246,False,False
911,0.006011301824234821,0.011434990014381693,1.0456626664076691,622110.0429797049,True,False
912,-0.02381740767115215,-0.003658155071659818,1.1201500834051243,108045.42076872173,True,False
913,0.012858966171602003,9.181433482747076e-05,1.0001956216007954,961492.584998761,True,False
914,-0.03199420164590669,0.005851142441046886,1.0319541771212184,618922.2608328306,True,False
915,0.006727661385610737,-0.0057925269319019385,0.9969695805031358,981292.8023129379,True,False
916,0.008762816203633443,-0.0007429693906279545,1.065786244251225,535867.5927929406,True,False
917,0.0028613600646797835,0.0011686162448074253,1.0076021611061687,883629.9534232286,True,False
918,-0.020734567771333576,0.003600851612073215,0.8834913663473423,1599371.4297157433,False,False
919,-0.0009847726242076184,0.012290840206664435,0.9761297041021176,1041837.5925582392,False,False
920,-0.014871279938278147,-0.009397035257332785,0.9212489816896026,1412084.3291414687,False,False
921,-0.009979731803549973,-0.005499717083876133,0.9551265952323895,1199704.9511896663,False,False
922,0.0047936130518267984,0.007473669247370237,0.9784426178417859,1056641.918999163,False,False
923,0.00020488168415578313,-0.0037614720228000306,1.0243134488463457,783830.0843815062,True,False
924,0.0015939477990677322,-0.0016638433642201496,0.9876921843210569,1014428.7507930617,False,False
925,0.023258656142908066,0.0005464323328261619,1.044354202348223,708736.6511716645,True,False
926,-0.007982956307408895,0.0006374476896571044,0.9672766555389241,1111018.597893511,False,False
927,-0.008564154998498653,0.004159560750247668,0.9942061303774993,928575.7012312976,True,False
928,-0.03360288641234744,0.0029774661100605945,0.9555338797379315,1107766.40430792,False,False
929,-0.0046107837655009415,-0.003604269731763814,1.0350868343843456,701569.368610221,True,False
930,0.039020095790690955,0.010325628980277593,1.067217690670896,580189.0137449922,True,False
931,0.004402417884053549,0.006402133164234042,0.9814393274583383,1039504.4345975437,False,False
932,0.012059452159486426,0.001993043016632528,0.9547674060935977,1242476.3498713658,False,False
933,0.0070639294531536865,-0.0002666057262715254,0.988511144710688,1020564.3455545988,False,False
934,0.002385791433013431,-0.007884615288019389,1.0279711670562302,778148.4545510273,True,False
935,0.0027858216484811875,-9.390831571786527e-05,0.9851612959926644,1029449.3423976498,False,False
936,-0.001393637625101257,-0.004605383664781592,1.0497309084393072,620310.7474286694,True,False
937,0.011693551712303121,-0.0002599935983862446,1.0202680306714293,831753.8797484257,True,False
938,-0.005767796138927561,-0.005197180703476996,0.9730541485442874,1096734.1904200097,False,False
939,-0.001711832078158223,-0.006122047682988694,0.9974880140248507,955426.0934664609,True,False
940,0.008814246184794292,0.010578444425687727,1.0144412101190248,830574.673728393,True,False
941,-0.0018575225838603074,7.635253273200432e-05,0.9646620116569778,1146235.5396638345,False,False
942,-0.0013950277906596173,-0.007531706441147995,1.0571470906869678,581354.3525617925,True,False
943,-0.0034789294106125287,-0.002172216969647669,1.007432900033544,876355.8281208853,True,False
944,0.005083837483431726,0.004122447793053986,0.9418805121210286,1298973.2299915422,False,False
945,-0.011195593424253806,-0.006028341961880739,0.9076676527898042,1499189.9087679263,False,False
946,-0.010803398624203488,0.003977126168723436,1.0042286997462737,859200.1139040935,True,False
947,0.004359995923057376,-0.007734548280162684,0.9275850803238597,1420748.7287033387,False,False
948,-0.0031849245985659537,0.001333004192606134,1.019922119617349,788101.9466509894,True,False
949,-0.027935249661093363,0.003040490190426165,0.9672289677914453,1049094.8759768659,False,False
950,-0.029142656109110866,0.005824035939846126,1.0067530510865177,786980.0510653266,True,False
951,-0.009144128706504391,0.012661367185408738,1.1352943051001416,7286.532740598777,True,False
952,0.0020446716098432467,-0.001014862147158302,1.0366217442970826,703139.5377523649,True,False
953,0.013825239842445436,-0.002911010553622447,0.9995524187961371,976625.4521630858,True,False
954,-0.009391507230392608,0.0029597538002184135,1.0720514944695994,435239.24290645716,True,False
955,0.005754867176695622,0.00753512477093188,1.0176030667298002,810449.9433670612,True,False
956,0.0003748660067094221,-0.016745376380965644,1.0421086276818956,707432.2364397183,True,False
957,-0.0035792216056832566,-0.002192729002843599,1.0227233411635683,779028.6279703362,True,False
958,0.0003531436393938025,0.002132230497030373,1.0415045994318104,658661.5417343946,True,False
959,0.0032761099664084833,-0.00202042366374488,0.9497804681514058,1260869.8834754562,False,False
960,0.0165895568660843,0.0008845123124350148,0.9907008826685122,1029968.5911630451,False,False
961,0.02749156167151266,-0.00550235050953104,0.9682682340945974,1220555.7433198625,False,False
962,0.005317343552963248,-0.0073784311294652245,1.0000813940202598,962019.3311430947,True,False
963,0.009928652143249573,-0.007708386593383891,1.0331150406874585,765986.3974616526,True,False
964,-0.0058305498678419025,0.002840792575947502,1.0399644616134338,649257.7614503813,True,False
965,-0.00017557272693993653,0.00588908345867174,1.0883943504028957,348949.4371911142,True,False
966,0.000607061393288576,-0.015087145300632699,1.004597130595127,941687.4076877043,True,False
967,0.00025382598405469743,-0.007284809077441145,0.9909551819065427,1005622.2290587306,False,False
968,0.014996399345301076,0.002994795261194321,1.0083650443247136,907480.0457450938,True,False
969,0.015437078356507329,-0.01246213925134996,1.0111706726428842,933913.6785341755,True,False
970,0.010150249213807519,0.0024837750574990235,1.0395443118533643,697402.6846448989,True,False
971,-0.009032639612189886,-0.012220072716824243,1.0293255648456419,749831.4553002941,True,False
972,0.010309560960160636,0.008824432036471062,1.011788614825715,856465.106672768,True,False
973,0.004439349243629991,-0.00594364874511217,1.10858526500315,266505.23967742804,True,False
974,-0.005920703346439602,0.008012994924310686,0.9816197168524939,1005140.3280007133,False,False
975,0.013237876586994294,-0.0018037439138343,0.9513193374228508,1278222.6390482155,False,False
976,-0.012384496786350428,-0.009627469636872572,1.0121969293315103,842063.884918249,True,False
977,0.012957707826995693,-0.0044736154963977365,0.9719708768270744,1153722.5286006182,False,False
978,0.014217894557869402,-0.0033893601508382127,1.011303362004234,904423.1002502372,True,False
979,-0.004064453960607435,-0.003051668240769277,0.9978343184732236,938131.770561287,True,False
980,0.0006646497773007221,0.005124248640176838,1.0450982896174459,628377.7993181335,True,False
981,0.00014219734583352026,-0.0036395015159674687,1.0078806281841721,887676.1429232977,True,False
982,0.00036419345631206866,0.006215522087553184,0.9719636782516877,1088960.466845542,False,False
983,0.008067544649591984,0.010703567593389286,0.9418359956417304,1289242.4633542094,False,False
984,-0.0023023933777351537,-0.0020209331036510196,1.0560855951860042,570230.568811028,True,False
985,-0.020783308102600644,-0.0010313413305735669,1.004002471180596,846798.7065701382,True,False
986,0.02095583400813574,-4.2133989531194693e-05,1.0237823377210094,834610.8920822467,True,False
987,0.003334310193685661,0.0039795892030576015,1.0061347998753682,886440.7980952032,True,False
988,-0.004155376966488718,0.0010948122830969015,1.050686058430715,590690.8840709559,True,False
989,-0.015919184241880005,0.0003022950375301496,0.9865518798821158,967449.5105149418,True,False
990,0.02063473506486077,0.008434857419698457,1.0198230840863969,835265.2772005191,True,False
991,0.0035049452977716873,0.008034116319003389,1.1216458529444853,142052.9033820593,True,False
992,0.011354514064158279,-0.003421591069747161,1.0209627914266985,835198.3147368694,True,False
993,0.015101632499990138,-0.0022108435062276662,1.0191872535535864,853534.2822627731,True,False
994,0.015196940981697375,-0.00498184829428656,1.0197764567244283,857770.8713595434,True,False
995,0.004657194229924765,0.00206744953784187,1.0391817053274197,685574.3038967072,True,False
996,-0.002297363357759304,-0.00526800227662839,0.9935187666228765,976626.5319875244,True,False
997,0.017319904254254594,-0.007926765696782627,1.0017194272212853,986552.3554024633,True,False
998,-0.0012005094489378884,-0.007099677124479651,1.0097009974646527,882009.5301344688,True,False
999,-0.013566903650243005,-0.0027379213278538378,1.0864006746400556,348349.0828536877,True,False
1000,-0.001081821503784142,-0.005756843561424326,0.9485735108460869,1266804.9259270388,False,False
1001,-0.00875545736635101,0.007858193206584006,1.021206448359635,746276.8398418028,True,False
1002,0.0038635445613525374,0.005968633871063031,0.9964217260400935,944062.2816950674,True,False
1003,0.0004983710977968732,-0.007165478863700192,1.0448287091499358,663835.7147465771,True,False
1004,0.0037861603432047604,-0.0027675989180677104,0.9717229466918424,1125019.1198677747,False,False
1005,0.00789811406320565,0.0014783876023400297,0.9878531396533692,1022207.8874290851,False,False
1006,0.005381561354631568,-0.00029763428757009433,1.0256535817381107,780087.0248927182,True,False
1007,0.013484917324726427,-0.007021306773360374,0.9934952898553433,1025586.3161344569,False,False
1008,0.004055559552886277,-0.0006002984947318842,1.0068296655854942,896783.7412171823,True,False
1009,-0.0015825682840048948,-0.0014153306312916978,0.9891618724094925,995561.5469268262,True,False
1010,0.004359132767669915,0.005555879532112024,1.015094858626417,828003.0565369918,True,False
1011,-0.006689339465326855,-0.0018372041119711893,0.9627443286752465,1150291.142699338,False,False
1012,0.009196050727989746,0.0043212045270690025,0.9955281704414092,969165.797801736,True,False
1013,-0.00026857556962720257,0.0010565034208128057,0.9824540039356465,1034938.3854105694,False,False
1014,-0.006784390775005426,0.000344233906691632,0.9818054772558129,1022902.6910575685,False,False
1015,0.002197963964238904,0.004594325962614498,0.9811043550059114,1040527.6719751798,False,False
1016,0.017643075046247025,-0.002885123427637642,0.9589921151984984,1244767.0774984935,False,False
1017,0.008770553723413869,-0.002527471245428056,1.0821301370610703,437061.0362665991,True,False
1018,-0.012266367588184121,-0.002024361941336143,0.9611246040394179,1145574.7178363071,False,False
1019,0.027439949896556116,-0.008196617062811152,0.9971058189943611,1044772.5437609011,False,False
1020,-0.006989914470810797,-0.0014274193198116874,0.977546329038552,1054310.6549513089,False,False
1021,0.02030526260126048,-0.003923565665749844,0.9163219655863661,1526053.5328093397,False,False
1022,-0.00016828393990040967,-0.001019604720317184,1.0347795591374966,708692.1084353979,True,False
1023,-0.0061727542499880154,7.531521744975176e-05,1.0474846677562797,608244.3604639231,True,False
1024,-0.0018572579319904418,-0.0055399615125820605,1.0254816220808074,775621.8105948976,True,False
1025,-0.004194955858166236,0.006543301618976747,0.9879133366430349,974065.9652902486,True,False
1026,-0.005079622581786862,-0.0009422947842373867,0.9924910943048165,963367.7961212164,True,False
1027,-0.02528044587596148,0.003418430983547235,0.9585843825031416,1110331.8135070866,False,False
1028,0.0023310480829703073,-0.007099790922877001,0.9813038561648071,1072181.9744848607,False,False
1029,-0.018689871637833037,-0.004428648045261566,0.9785860191928077,1023494.7826974754,False,False
1030,0.02342057921855312,0.003994583087911521,0.9541307106616675,1272572.4346383007,False,False
1031,0.009578363580228493,-0.0013072422521758858,1.0185041014149097,839983.4465821408,True,False
1032,0.003817552500382815,0.0001155858486156704,0.9479206282380895,1268242.6715865498,False,False
1033,0.007537999525938487,0.010425550176981668,1.022986749805845,773177.5681882331,True,False
1034,0.032978845377141276,0.013715051627535038,1.0468872631371704,683051.1396636323,True,False
1035,-0.006167520323169122,0.0011842461402767107,1.0118837335123376,831263.3414551879,True,False
1036,0.0038070729070652076,-0.0008237520710242396,1.0020765511198224,926899.7042613074,True,False
1037,-0.010782670958978701,0.0035040427480803626,1.0750760729428293,410643.65208202763,True,False
1038,-0.006593853189405868,-0.0023844002514287043,1.0508055271511587,592829.0856776701,True,False
1039,-0.010882866374583623,0.0017659561636792893,0.967125427520701,1100765.8106084801,False,False
1040,-4.7141091960633635e-05,-0.0033407488573649617,1.0130064204369829,853765.1194998771,True,False
1041,-0.011440896330576747,-0.0011311390619597357,1.0405004179103208,641293.4954030603,True,False
1042,0.02119679453001188,-0.0031415902324502328,1.0733701875183277,528991.0504514189,True,False
1043,0.0009391160185274652,0.005374810753349989,0.9451958572415502,1262895.5363232156,False,False
1044,0.0018705622654089777,0.007630586383402905,1.0747931252488343,436174.7998072158,True,False
1045,-0.005762781072831884,0.005342623801209666,0.9486129970692997,1222628.9922856484,False,False
1046,0.003092358838179083,0.0038580177451591844,0.9706960029988899,1111167.1769127147,False,False
1047,0.00042967339558808116,0.006681978560311522,0.948679193063993,1235717.3114538253,False,False
1048,0.008109278435962266,0.004562665777989924,1.0406533540848062,678891.7552170589,True,False
1049,0.011149244689182304,0.007029255130098689,1.0219137824066613,799497.3145855588,True,False
1050,-0.011376234155587053,0.0035384172419868163,1.0051314617712266,853093.5913067341,True,False
1051,-0.021571170006418033,0.011186436378426368,1.079973661434913,328126.3573448502,True,False
1052,-0.007620606856970734,-0.004296334036669777,1.0515233935091324,590734.0443698971,True,False
1053,-0.0035487911056775383,-0.00010345804395044614,1.0595841522731289,539205.5434941193,True,False
1054,-0.004616416026622983,0.004732660301254393,0.9915936351329373,954560.2799092117,True,False
1055,-0.012530582236210919,0.0031076332532691147,1.0676273141126673,454186.6109074777,True,False
1056,-0.012271082318133873,0.004541658279960787,0.9881455804344436,955682.5943168795,True,False
1057,0.017960625303270028,0.004796240054387417,0.9589358271142584,1224627.209357624,False,False
1058,-0.00240185662431159,0.010948947956767393,0.9617185606858693,1133149.261730188,False,False
1059,0.023658873097217512,0.007373561209812044,0.9938677993296304,1011471.6144502882,False,False
1060,-0.0055480587436508464,-0.0016122152092360163,0.9627954424595029,1152517.0525579357,False,False
1061,0.012029079825754402,0.004665169085436772,0.9631549849645904,1181686.8195103551,False,False
1062,0.011913067327413145,0.0062876083916630085,0.9964556621002465,965364.9160778488,True,False
1063,0.003981340758054992,0.0012342726110836236,0.9861969314770638,1022503.0564962875,False,False
1064,0.008816710420233758,0.009425150320148235,1.0199701273465278,798679.2125581565,True,False
1065,-0.015104517251561702,0.0012419411602344998,1.067241937746591,454662.6138931572,True,False
1066,-0.0014348925052487774,0.0032651459110386704,0.9914770114794418,968241.6227841896,True,False
1067,0.011125093860461566,-0.0069445766642992285,1.0449958067183749,691739.3590405837,True,False
1068,-0.012499413545821372,-0.006912842658907753,1.0272451428398113,738620.9738533609,True,False
1069,-0.0016480328388012706,0.0001963331519636867,0.8635724608699342,1788474.932296301,False,False
1070,0.0015750751096177862,0.00623942843163127,1.0556557330118188,560760.6181061093,True,False
1071,-0.005437639037133757,-0.007703420145766081,0.9702041467035852,1122728.893213938,False,False
1072,-0.01444423252076523,-0.0009224158316232224,0.975457716083338,1045419.8785016097,False,False
1073,0.0030396162584325195,0.01053774728102056,1.072432886218214,446325.9301437414,True,False
1074,0.003948602119335188,0.0024086579599697897,0.9355857609887293,1340559.7769925355,False,False
1075,-0.012482741965403794,0.006253774669185142,1.072234074905254,416306.22731993604,True,False
1076,0.016325644222656137,0.0011120471180242784,1.0097868175337525,907391.4326981944,True,False
1077,-0.0006543954658968957,-0.0011306500205853552,0.9688050328875635,1126633.0700077624,False,False
1078,-0.004075306177259177,0.002067897055745496,0.9205941122402593,1414381.1529839695,False,False
1079,-0.0046885959029933245,-0.0046461558897751,0.9351640343616071,1338833.4383335097,False,False
1080,0.02303507861677494,-0.004709244279122917,0.8986861303531339,1647839.0339663217,False,False
1081,-0.004703125865802569,-0.0069158313191650805,1.0844295077118755,397169.21589454194,True,False
1082,0.005084478609694518,-0.005828288499119848,0.9739253162883782,1123165.908115803,False,False
1083,0.0018410799743916143,9.957683592174515e-05,0.9487633804834328,1257433.6043219052,False,False
1084,-0.008529810869672257,-0.005226667029059137,0.970697344057304,1104095.514682476,False,False
1085,0.005177043740774859,0.003729915109157674,0.9379324784043316,1325398.1053124839,False,False
1086,0.009174937510467334,0.002368323488842282,0.9832809654849647,1052321.3416436722,False,False
1087,0.006991200341382828,-0.005511941797505345,1.0292110283858749,776489.3255298617,True,False
1088,-0.006133886634866504,-0.00703829018804206,0.9767518286527486,1077357.050979538,False,False
1089,0.008673850644960778,-0.003565971999641856,0.9447691099005646,1312022.3564339937,False,False
1090,-0.014630648381058447,1.3478064212475021e-06,1.0908157190011192,309724.65090838005,True,False
1091,-0.02033687894822571,0.00239145267728254,1.0584247682265986,492893.799362506,True,False
1092,-0.011407573166390909,-0.010901950769195264,0.9616425083521157,1169387.0972515284,False,False
1093,0.010480759292844062,0.003773244539458626,0.9528177025462862,1245508.7912448768,False,False
1094,-0.012879570365485666,0.004177303757475433,0.9728369970419579,1052223.389755898,False,False
1095,0.003102084828564511,-0.018253125094010964,1.0728572082394714,523945.09888578544,True,False
1096,0.021446607744825184,-0.008217105818325316,1.0464728987147145,714631.0545401218,True,False
1097,0.005849695745045925,0.003921213682537073,1.0149120798603646,837862.9748652698,True,False
1098,-0.009160324353296938,0.0027532459058785407,0.9013235158829119,1520701.143313003,False,False
1099,0.010892644102257147,-0.011297674036232639,1.047335807181827,688348.6128152022,True,False
1100,0.009163392007576751,0.001705101143108,0.9812068028664994,1067307.700189315,False,False
1101,0.010287392310570357,0.0029702219308014016,0.961033625628313,1195028.8508731655,False,False
1102,-0.008733592794116535,-0.002262163885415608,0.9851275174215738,1003634.702243291,False,False
1103,-0.00436864445620222,0.01296655372748401,1.0035480426532835,856411.7784943702,True,False
1104,-0.007568946844983372,0.0022256593969659007,1.0596951360811557,520827.3750739263,True,False
1105,0.01013948229192857,0.004352814066681593,1.023257763242263,795601.3214454246,True,False
1106,-0.013977835844347915,0.007870251406789755,0.9664049306488471,1079735.1187787957,False,False
1107,0.00023416041282205876,0.0044827046617296785,0.8819583849327768,1665019.2095888113,False,False
1108,-0.016324255684343057,0.012127968776496412,0.9881102301228897,923508.3324945809,True,False
1109,-0.0003613323248194149,-0.01007118272106616,0.9566896714436985,1229276.1143203734,False,False
1110,-0.0017166739610101408,0.0036832466512256427,1.007771812062994,862809.9610305298,True,False
1111,-0.009392856034133265,0.004299961178368871,1.0840368868224546,355389.26169992564,True,False
1112,-0.014534019597766195,0.007234655876831956,1.0626313755226289,468850.0879617487,True,False
1113,7.174449761358628e-05,-0.003979173078827382,0.9837656911240915,1041572.4483998267,False,False
1114,0.002608516431333915,-0.007089505813158745,1.0036604680614953,930945.3658188715,True,False
1115,0.000253608080036438,-0.005587317087026629,0.9668880624860317,1153739.8692752067,False,False
1116,-0.006124237034596052,0.009084290671575311,1.0454033413251929,596520.6232278561,True,False
1117,0.000909251685594788,0.0013139034482285584,1.0107216444253706,857980.8779438671,True,False
1118,-0.013062951889126288,-0.005874102991249268,0.9151023583630845,1446347.101634217,False,False
1119,-0.0005981443940609113,-0.009610700376233515,0.9463507428518196,1292994.6987444435,False,False
1120,0.006690726128890905,0.0016520319473121666,0.8949297689480791,1608492.9684234445,False,False
1121,0.0037527661458809963,0.004169559709206492,0.9799376528954837,1053447.2292868164,False,False
1122,0.01741003896006877,-0.0016869910243665206,1.033288957727389,768945.8190860206,True,False
1123,-0.004450185638379631,0.0017473173308688462,1.0305392169787773,716000.7271204962,True,False
1124,0.01450004521037207,0.003755788731299413,0.9938926086944898,995890.4068586926,True,False
1125,0.003384881550378219,-0.002083582078941358,0.984181756074509,1042875.9121556308,False,False
1126,-0.006242904961857596,0.0009417833727871254,0.9451349737191869,1255630.3051894214,False,False
1127,-0.012690903827812941,0.009426032434214441,1.0585987948124318,493490.4398385304,True,False
1128,0.0038826351070668057,-0.008195948993977633,1.0681396413230384,528083.2963172623,True,False
1129,-0.00417642958729326,-0.004458264741116807,0.9739131673176868,1093651.6279383213,False,False
1130,-0.003263421229525299,0.0032993885101709423,1.0500384908583087,591149.6885513116,True,False
1131,-0.011296880417002162,-0.003506410315907144,1.0722623615659936,446595.1501506425,True,False
1132,-0.005979875796656895,0.007788155887443607,0.9685092689516195,1088862.093980019,False,False
1133,-0.014477917161975785,-0.0016147527668764453,0.9371157019020309,1290752.1967197182,False,False
1134,-0.0005813792803713099,0.010618581513903873,1.0602700058075782,513264.70962405833,True,False
1135,-0.006813819028862158,0.011129137813937843,0.9593708112676673,1135276.7756670406,False,False
1136,-0.0026682843824205704,0.0009757602299181337,1.1129667816264697,199634.9219961171,True,False
1137,0.00015357203632949143,-0.0009175294848458864,1.0250959957534342,770801.358663208,True,False
1138,0.007781787182313054,-0.007186164118657026,1.0399027508455012,715450.1666673532,True,False
1139,-0.009670726895707237,-0.00265687045129087,0.9971535098647689,925751.2740093537,True,False
1140,0.0043234578121682165,-0.006512512325144927,0.9792735375600954,1088987.1492052963,False,False
1141,0.0035412398129267713,0.0033975382597429674,1.0801044905539843,418877.0197290785,True,False
1142,0.001036255266231461,0.001902104174350058,1.0391508798063132,676151.3464032054,True,False
1143,-0.017856414837861805,0.001967497821778642,1.0328133868033702,663628.72468159,True,False
1144,0.009173339164899163,0.006345858030664833,1.0568420823250984,574080.1470359655,True,False
1145,0.014202977170122342,-0.005610964576756895,0.9799616484855918,1109607.540472681,False,False
1146,-0.014415899390746383,0.0027849748276959113,1.055198398724214,528769.3309255121,True,False
1147,0.00550689237151448,0.0030993654400947104,0.9155899001907707,1469962.5905748256,False,False
1148,0.019852932641046782,0.00048104842582397984,0.9859108830994595,1070595.2103190667,False,False
1149,0.0023250902186358843,0.001252183208580867,1.0316876196433107,728944.9042050422,True,False
1150,0.01816668653526271,0.005962141167073645,0.9018288407999939,1584625.2816632723,False,False
1151,-0.008390145467227684,-0.00026416198885287605,0.971772597437338,1083842.4131577567,False,False
1152,0.007098951505793595,-0.002962873470440775,1.0330913197921416,745051.2665298576,True,False
1153,-0.009954803923533947,0.009509403851921781,0.9746194998963945,1034202.367627432,False,False
1154,0.006723027976008021,0.0028739511953477562,0.9868735364145612,1021273.6014116694,False,False
1155,0.0017843289560766922,0.001597621925253908,1.0377194465781154,688171.7739714024,True,False
1156,0.027373612155758658,-0.003410530349897969,0.9736942975833444,1179945.4543996654,False,False
1157,-0.006129464416739988,0.007874273365709271,0.9920587423514192,938650.1663340412,True,False
1158,0.008826816859089415,0.004935458680202667,0.9531050358512891,1235845.1870114638,False,False
1159,-0.0009569345031191207,-0.00245401227895515,0.9617644339459884,1174187.3437034355,False,False
1160,0.01809981920097163,-0.013559004913021788,1.036650269069191,782565.1438978405,True,False
1161,-0.0153596154190756,0.0069650277387553975,1.0111176117157077,794451.4232802945,True,False
1162,0.011474140687982621,-0.0013529889918753185,0.9490775030030321,1286295.7910577096,False,False
1163,-0.005139415414633105,-0.0021135112986586015,0.9959155831704752,944713.538957604,True,False
1164,-0.003672466533632806,-0.003618962139544675,1.0659934493965066,507943.1977947261,True,False
1165,0.017334384928533456,-0.00675359520162843,0.9705863823207829,1181044.0010293992,False,False
1166,-0.008549678626564078,0.007117375837088003,1.0162571790011323,780343.0767345751,True,False
1167,-0.004346450620592752,0.005681867288646917,0.9853330353597882,992428.8384057456,True,False
1168,0.02564836154793057,-0.005709472593449629,1.0446729536865709,730777.6024231294,True,False
1169,-0.008289376720258505,-0.008148098599050956,1.0099017760278794,863920.729291026,True,False
1170,-0.003483855736041183,0.004875985551752765,0.9947567055886896,937226.1000004009,True,False
1171,0.014261487521101865,0.00610984068723204,0.9706614764553557,1136207.963110569,False,False
1172,0.013064315225693837,-0.00033122374090109136,1.0450286053412619,678520.5157557658,True,False
1173,0.009159850226477518,-0.0037677447341696434,1.0508618097234648,640173.004174141,True,False
1174,-0.008247540934466124,-0.004041767182261245,0.9930846205683266,959407.9631637445,True,False
1175,-0.0023003871441395728,0.005662266586768021,0.9993327638052132,909270.4697995101,True,False
1176,-0.008659522517112606,-0.004422024288683542,0.9710035339649267,1099550.1957669514,False,False
1177,0.016095637252109617,0.006603979011885674,1.0142027465630263,863420.0122120522,True,False
1178,0.00264114731871788,0.004271490122753361,1.0262530897262467,755933.4622885716,True,False
1179,-0.012267071630258196,0.003943164364760749,1.0378119412769393,641943.1127537665,True,False
1180,0.011931425168479158,0.00021647896596503283,1.059974250444383,578927.1172080134,True,False
1181,0.01121715056210675,-0.0024574366676396453,0.990655014461054,1024608.0637966753,False,False
1182,-0.005195980759179415,-0.000917679981403584,1.0317464129788578,713676.319391058,True,False
1183,-0.0011752532740617351,-0.0017360306686679053,0.9703967980173605,1116759.5052986261,False,False
1184,-0.004514374122908763,0.0016758520116763698,1.0354237756618314,685000.5753301156,True,False
1185,-0.004176609989368367,-0.005743596101770911,0.9991970568004374,936658.2691325394,True,False
1186,0.0037688338620254715,0.0008539562161800595,0.9561051715449206,1214074.1453666368,False,False
1187,0.005842443461136039,-0.002149693808974055,0.9979398786717931,962526.7912883803,True,False
1188,-0.01063856190401443,0.0006122773983439911,0.9705129244845854,1083144.123091307,False,False
1189,-0.018400241469895908,-0.00892453486002294,0.995676214295416,928280.5326317719,True,False
1190,0.017110410269536556,0.007740608776954341,1.0432910440524465,678349.5310353348,True,False
1191,-0.01217149584567705,0.0018615649236778653,0.966016367564839,1103956.0689963042,False,False
1192,0.009025801602574445,0.009840556019453077,1.0184525903395538,807742.3662841613,True,False
1193,-0.020201705727235123,-0.0009223109624658977,1.0751969740288776,395978.6061664021,True,False
1194,-7.191313541709392e-05,0.0034675658866749892,1.057223666773769,553934.2408105629,True,False
1195,0.010522020292909233,-0.007213512328900788,1.0445635369193305,693554.4981508197,True,False
1196,0.028006412802414553,0.004238299215966429,0.9581708984705262,1259000.7608630876,False,False
1197,-0.012876712676056331,0.005879124231539461,1.0465707699926365,579232.6105903143,True,False
1198,-0.006905125495405163,0.01071244320215698,1.0747953108561668,403155.18147709523,True,False
1199,-0.005203845029766801,0.004782627493283921,1.0145598283899013,806934.4809773371,True,False
1200,0.003854186280935215,-0.012301513914624923,0.9556882531388294,1253577.9955865745,False,False
1201,0.015507840655002242,-0.005190463155228788,0.960126308676596,1238037.6376187846,False,False
1202,-0.01633389050056958,0.0021166259685512787,1.0865354403193535,326278.5161062719,True,False
1203,-0.012846590443785166,-0.005678393557942314,0.9477202964917386,1239257.5788977956,False,False
1204,-0.007607434376278444,0.0006639844953658102,0.981861329819417,1019366.9947630181,False,False
1205,-0.01660445938596479,-0.003918829232065679,0.9802546173463619,1017283.7019353646,False,False
1206,-0.0028830162277156297,0.000936948454117305,0.9944102808052105,952062.9898885532,True,False
1207,-0.0046511065338747,-0.002511308078957916,0.967354443787415,1128563.4966016496,False,False
1208,0.004324232666451335,0.0009624275454370064,0.9915729445314605,990072.700149035,True,False
1209,-0.0023665787236364453,0.005991007134140122,1.0525361237225057,570292.1518606304,True,False
1210,0.016738375220210686,0.004520511810396842,0.9395336654881844,1345210.0123266552,False,False
1211,-0.011913032285423203,-0.001198499753150419,1.0355091391572946,671864.9495317679,True,False
1212,-0.009842539204023995,-0.013772177704761383,1.077252512631454,447527.33880303404,True,False
1213,0.013399577424160156,0.0008662972648795141,1.0330965473757032,751897.4179570558,True,False
1214,0.016235040420237826,-0.0034668984438710054,0.9814137088027272,1100074.1665615137,False,False
1215,0.0013107939754984557,-0.002346720012883612,1.0282034981723454,758265.8539151881,True,False
1216,-0.006160712175235893,-0.00045879930241525774,0.9348969131509153,1324776.579049721,False,False
1217,0.006846339340143663,-0.004061444486451068,0.9791559364264193,1089933.8946885734,False,False
1218,0.01247479980821414,-0.0019511108080548282,1.0525439858922276,633660.5889770299,True,False
1219,-0.005586896517738048,1.5363851802851773e-05,1.045889100018271,620174.9695660141,True,False
1220,-0.002536943167753983,0.000681362690400966,1.004339979357657,890677.1022574895,True,False
1221,0.005799258849190455,-0.00787723922421834,0.9777706649573797,1106438.1270839637,False,False
1222,-0.016385851227217467,-0.0016009114437214103,1.0193200952816543,763346.7748741908,True,False
1223,-0.019267688755797686,-0.0026126476604401145,0.9215888701155013,1378803.8022614438,False,False
1224,0.010627387954667594,-0.006910564724002038,0.9815919000979971,1092919.022121565,False,False
1225,-0.006929897740962427,0.011210234594536368,1.0009987071329989,870361.3125061799,True,False
1226,-1.3257684439803335e-05,-0.006748330546113936,1.103162013758075,290792.64553228,True,False
1227,-0.014990525353073056,-0.002151115323342451,0.9307199126355323,1331436.109044647,False,False
1228,0.0126064969955914,0.004472681524284609,1.010017836385092,886217.5702688183,True,False
1229,0.01387898333941621,0.005235666442180465,0.9862481840966602,1038589.9051579305,False,False
1230,0.011739287833121321,0.008170885464844157,1.0173191055031257,827141.411831769,True,False
1231,0.017745923706153067,0.010266045333792351,1.0313432219454872,748966.0203045931,True,False
1232,-0.0032196811783326467,0.004725410367784145,1.0433434167997202,629820.5384171668,True,False
1233,-0.0027931399059895772,0.005400446910550219,0.9980317983904499,916889.7142012153,True,False
1234,-0.019815330141703846,-0.007989087010805359,0.9783176470446793,1031976.9579965733,False,False
1235,-0.02036465319212654,-0.010485665019135688,1.0054228756642953,865259.7869060037,True,False
1236,-0.0033071490871045372,-0.005178202985178691,0.9803446747837687,1057230.626153736,False,False
1237,0.01178669093039598,0.006424948709145345,1.0570017016689475,580120.6230665734,True,False
1238,0.008330307978000547,0.002469852684278983,1.026088934493903,777826.7668220865,True,False
1239,-0.019097321854691457,-0.00866950026568744,0.913167289502529,1449620.407087685,False,False
1240,0.014578908045359952,0.002218553932633111,0.9934337169379085,1003303.1380994483,False,False
1241,0.0014074404718155177,-0.005203425002358901,1.0455728889452744,656178.6403355722,True,False
1242,-0.02084730871301406,0.0027494300603876404,1.0159220446406518,760398.9652270197,True,False
1243,-0.00817083412993886,0.0016259379064549391,1.039906128397652,646495.5604661654,True,False
1244,-0.005790810940743306,0.00499933709995583,0.9300176936642556,1341599.8630148459,False,False
1245,-0.01585578325074518,-0.00021819241807721784,0.890154948271398,1581263.56372954,False,False
1246,-0.006837335490214679,-0.0028543148384595255,0.9729159887927066,1088113.0971310835,False,False
1247,0.013115020942953588,0.0024844128817672986,1.0051686382842762,923963.2900678931,True,False
1248,-0.003846399205035061,0.0007390937959534708,1.013143692692289,830961.6918244433,True,False
1249,0.01132600441464633,-0.010290708250540058,1.0455440212861193,698131.0786970707,True,False
1250,0.005345488748345074,-0.0038862193328275015,0.9893414908140915,1020583.0166372968,False,False
1251,-0.0007727099325515175,-0.0033619007408689982,0.935101678101656,1346554.6474720594,False,False
1252,-0.00866913231640649,-0.0014296660972482602,0.9490938161559003,1230336.37649556,False,False
1253,-0.02046151371246994,0.004294014868945774,1.0190522309987886,737294.5478489826,True,False
1254,0.00015247938280157347,-0.005935616977179719,0.9964165194154492,966901.2613736046,True,False
1255,-0.010944249190026237,-0.000928970970906091,1.0525321360907682,565703.2527135378,True,False
1256,-0.0007590040791119819,-0.0006781226272434749,1.00275287267026,909489.4441367476,True,False
1257,0.005101778420095499,-0.0013895638370012872,1.055124170279327,595188.5438507468,True,False
1258,0.005213157049678205,-0.002464229917703337,0.9217203804699166,1445698.4712451545,False,False
1259,0.0020246346141995597,-0.00118736128281683,0.9968632009331622,956058.8279922572,True,False
1260,-0.008437710719950331,-0.0016942045781407915,1.0718774189823363,451954.05557220266,True,False
1261,-0.011887580392531715,0.00302690061889209,0.9658314750565339,1102676.8145885174,False,False
1262,-3.699584114940233e-05,-0.005259657050543817,0.9581106315593576,1207761.8206553287,False,False
1263,-0.012438936790999685,0.005619860584901146,1.0249689978308967,718359.3877949198,True,False
1264,0.004856706902344446,0.0017424512705928948,0.954263117624583,1226327.465399079,False,False
1265,-0.009061746750220272,0.0023800445958290493,0.9694242299636958,1089526.5850970983,False,False
1266,0.0030887241434370966,0.0027922769856686823,0.9515325515603826,1235825.0614235587,False,False
1267,-2.5423983007413425e-05,-0.009730533483428245,1.048767167898523,644505.603538252,True,False
1268,-0.012683352823178446,0.007796896543456005,0.9961450800624169,894671.5142532908,True,False
1269,-0.0015156528496805461,-0.0029758318090896954,0.979428605477229,1061904.6355372658,False,False
1270,-0.015484867196284672,0.006973399566764019,1.0668835500534288,439926.27554294385,True,False
1271,0.001629983318024943,0.007460109928263202,0.9925416960492108,958334.4961884343,True,False
1272,-0.006997912892876633,0.0028085304790992378,0.983326479383771,1005789.4826461648,False,False
1273,0.005326232362454543,-0.0001812836420237593,0.9763844921900832,1092502.7632179875,False,False
1274,-0.008895489948380434,0.00040544426444301754,1.1037071337259539,242694.16651523684,True,False
1275,0.011600279904316632,0.008467604852338837,0.9796909336617785,1064894.0957238749,False,False
1276,-0.0016497352228963442,-0.013652089042125308,1.0304725603522995,767083.7487017807,True,False
1277,0.01653792966272543,-0.003069132066826765,1.0780578955022382,486051.0422470444,True,False
1278,0.027463545717040544,-0.0030181091040842887,1.085235362356191,470738.71535837604,True,False
1279,-0.009297462472652401,0.0053677547293108085,1.0112804403637596,814737.5279749131,True,False
1280,-0.00889774561900622,0.003038547907383773,0.9449825773030506,1243371.9319864272,False,False
1281,-0.006278955489653509,-0.006621800145199487,1.0504685380686196,607640.6262764288,True,False
1282,-0.019747999537549497,-0.011735992932748043,1.015251285350923,808039.2092154766,True,False
1283,-0.0016069619478292533,-0.008700473946144842,0.9871380877756467,1028624.4702515809,False,False
1284,0.008756317138901381,0.0001791309916106101,0.9654650290860096,1170393.5822894974,False,False
1285,-0.011498613709207219,0.006034941448722368,1.030664786009046,683649.1223006899,True,False
1286,-0.005808457391925411,-0.008589297674847207,0.9953211603754875,964651.7464415564,True,False
1287,0.007366574718687779,-0.004018248253001097,0.9300433676804467,1403161.3381799993,False,False
1288,0.004298900729476159,0.006438794848202417,0.9949352715557692,953405.4404625355,True,False
1289,0.002660008395693211,-0.018015508819827428,0.9246578582684376,1463223.9904858416,False,False
1290,0.001281644700307342,-0.004863657965837479,0.8993447605170596,1583534.914383905,False,False
1291,-0.006678257237022892,-0.0051735508744377426,0.9717999342022543,1102099.2769611753,False,False
1292,-0.004913283342103325,0.003837387339047952,0.963374669487184,1135436.3726170228,False,False
1293,0.01971073806469194,-0.0009680641075183895,0.962351187564441,1223853.797716664,False,False
1294,0.0261528369348452,-0.004525361252843335,0.9441206938772015,1367463.8844446132,False,False
1295,-0.005455896793295946,-0.001028105354624565,0.9579597042071435,1181858.0673717856,False,False
1296,0.01766240396809291,0.005359655873992478,1.035737963052475,734480.8665702618,True,False
1297,0.0015209664173433265,0.007018571889259097,1.021610316374418,774653.7498578769,True,False
1298,0.0010225932434188773,0.0037983284778388333,0.9799861135005518,1046573.3036928477,False,False
1299,0.009764281424258357,-0.0073844631772751294,1.0459583622521407,683063.0319710639,True,False
1300,-0.013167088868320348,-0.0020309100403393477,1.0142679325944493,805587.9930228143,True,False
1301,0.017872844622949604,0.007380353340136136,0.9203718868351116,1462098.2661303403,False,False
1302,0.011066736501324625,0.00457654221773537,0.9699350402353472,1136196.6575884074,False,False
1303,0.005981030058235726,0.0013326727329023192,1.0006370236602322,936090.5248212314,True,False
1304,-0.002700741961731404,0.005979224264511658,1.0084497033753985,849374.7914216161,True,False
1305,0.013920665129814994,-0.001310072195386926,1.0501393350726096,651172.0777081803,True,False
1306,0.019504296610049106,-0.006227165032617317,1.0195558152556878,874628.0875657289,True,False
1307,-0.00377211331023146,-0.0062315195842787795,0.9968701649009463,953919.7519670522,True,False
1308,0.010601215164461462,0.006716564672645455,0.9740630708884777,1102728.1504523703,False,False
1309,-0.015074527161372277,0.004710604014896022,0.9953364043298359,901742.0547734795,True,False
1310,0.012676080923752612,-0.007353199243471883,1.0184364078265582,865864.9690035115,True,False
1311,0.007334995407781987,0.004274765694452463,0.8913174459693903,1625926.677985434,False,False
1312,-0.008144474773468923,0.0042737173216173124,0.9182396536498056,1411867.061936809,False,False
1313,-0.006047324480293396,-0.007635475689321653,1.052897311502689,595682.533239083,True,False
1314,-0.017559083694564555,0.005191223480522963,1.0095548329217814,803191.3301987275,True,False
1315,-0.009131439966381058,0.0042573972055465524,1.0008331820915286,884637.8491557115,True,False
1316,0.00871019817632816,-0.005495476015612106,0.9953526624513241,996252.9643818869,True,False
1317,-0.009900169517547935,-0.009497044932045364,0.9291154876696134,1376242.0200786884,False,False
1318,-0.0012278811692136252,0.0030711642834873516,0.9421963961595876,1282324.6048032413,False,False
1319,-0.002590468724766568,-0.004532738701888012,0.9427675083998233,1296070.4774458515,False,False
1320,0.003276605125621703,-0.00046629318063757505,0.963601752319911,1168770.3620158928,False,False
1321,0.008760665032851887,0.007507257228569993,0.995920805040254,956591.9359729688,True,False
1322,-0.004693626583844362,0.0030478166452997096,0.9766525532112097,1053921.614177596,False,False
1323,-0.005575144417029866,-0.002424976378385326,0.9345651994900497,1333986.0340340647,False,False
1324,0.011771468274619145,-0.006739642789396029,0.9443688947968971,1332020.2761129928,False,False
1325,-0.005429555498346401,0.010238153605449607,1.0328354100458361,675057.7462199787,True,False
1326,0.02625761582311181,0.0008519570929137336,1.0338019304662702,783248.2868452927,True,False
1327,0.0010484504942120398,-0.0009361576496419174,0.9245814790342091,1411682.4930070208,False,False
1328,-0.0056325489434435995,-0.0013046672069558422,0.9469355033791482,1252147.6511532124,False,False
1329,-0.01564483440981294,-0.0006037363160941937,1.0073636418819918,838565.6995282687,True,False
1330,0.006185324993541744,-0.0003931579528267554,0.9663095598349765,1159466.7792491172,False,False
1331,-0.017258832161987477,-0.005584697984657884,1.057303949254123,530781.3972618016,True,False
1332,0.014894953227618954,0.008391431256268577,1.0182813708198084,829200.3160431595,True,False
1333,0.008908216092191692,-0.0013008677585112133,1.0548010241440111,607589.1668058439,True,False
1334,0.02012337265562567,0.0008101024122918027,1.0321497087997087,776782.7661792269,True,False
1335,-0.013516756907372245,-0.006302846486143382,1.0323709798835954,701538.5426956182,True,False
1336,0.006396671489945015,0.0051328117403103,0.9681964040171973,1132690.6109013492,False,False
1337,-0.010442932055286883,0.013443375342088889,1.11648271469876,120961.46974401036,True,False
1338,-0.00129322143185174,-0.006630536321311828,0.9952368272127607,972303.3254870146,True,False
1339,0.007846617318512541,-0.00534858568102444,1.0306943336361054,768995.6534179503,True,False
1340,-0.016364594273959917,0.00461388870827565,0.9853684243496877,961724.0660505737,True,False
1341,0.008962653066995908,-0.001760335991131301,1.045059511971205,670885.1348557892,True,False
1342,-0.00015471540843090592,-0.004899931337308609,1.0192926276901804,817883.8348709394,True,False
1343,0.0008109689767648958,-0.00413122123755637,0.9519286205376667,1246241.2716875332,False,False
1344,0.028391062295018185,-0.006367382428940268,0.9366952731150211,1425978.0218567792,False,False
1345,0.00812559385826976,-0.0017185420274492974,1.0094815931300904,894383.8095058915,True,False
1346,0.0063867219850057165,0.00811675683169189,0.9392148605069512,1308410.3657733635,False,False
1347,0.026881484310676256,0.002791022285255795,1.0000365990139872,994021.1759558115,True,False
1348,-0.0016710419244408915,0.0010763307611656476,0.9786396961654193,1055202.9551253575,False,False
1349,0.0034860327093607273,0.005049049256211447,1.0205391231112373,792408.601217024,True,False
1350,0.003246311648001925,0.005067403703679764,0.9916541946590015,975129.995118286,True,False
1351,0.005015085088447789,0.0031651119854797954,0.9948570656837996,965007.9869895271,True,False
1352,-0.019279327705493357,-0.004462138397722277,0.992672837524839,932485.9667111544,True,False
1353,-0.0011526129109454748,0.001587103426572798,0.9604767873251846,1170571.6013647874,False,False
1354,-0.0003701064791965634,0.0011116692979748007,0.9332019960563662,1347287.3481394197,False,False
1355,-0.0038682178181318186,0.003993202925542852,1.059706069366251,526139.0056564123,True,False
1356,0.004555031741410629,0.010870668247070498,1.0139943422789706,820743.5716985408,True,False
1357,0.0005227913274535531,0.010929634340499934,1.112106651263649,186272.9597139568,True,False
1358,0.016925395840942,-0.0026087574200443562,0.979102322046686,1114286.0745068192,False,False
1359,0.013325229035599895,0.0010910697914978467,0.9889470298066179,1031445.5127686555,False,False
1360,-0.007744589715414663,0.00039879856240678327,0.9143537864878931,1448444.0816788804,False,False
1361,0.006334815347741946,-0.006349943540343084,0.991695877037838,1015242.6401356847,False,False
1362,0.0043024732355704245,-0.009235876445292945,0.9386002117439847,1354813.7075066708,False,False
1363,0.015220585817735225,0.0053593750264532706,1.0970244360154064,338472.2852276971,True,False
1364,0.010900043923074944,-0.008832158085956875,0.971632707247031,1162274.6917587663,False,False
1365,0.004756600254263059,-0.004706507693187972,1.0240659553783482,800702.1804565813,True,False
1366,0.012633474917267335,0.00781739746436216,0.9549154924210552,1226921.4821734212,False,False
1367,-0.002346407340479977,0.010751284042840965,0.9212616198416168,1390784.0350454687,False,False
1368,0.01347581801845034,-0.0007867379869065265,1.0488207268958378,656851.2193417167,True,False
1369,0.010152894912369294,-0.0013603586475905215,0.9950007594954677,990993.3848690289,True,False
1370,0.020902632748408298,0.010630173375421543,0.9881173325453874,1031254.2429177337,False,False
1371,-0.0016338881508794296,-0.004110858219667521,1.07462606342799,460163.6165904773,True,False
1372,-0.013324629302352984,0.01240300235685704,1.0028060465766448,837763.4544750837,True,False
1373,0.0026522646056467186,0.016269821907266054,1.009956223270552,826063.42892044,True,False
1374,-0.020583837065660537,-0.0012423959618094965,1.022680576715193,729322.2153563744,True,False
1375,-0.016254662039007425,-0.009117966153363308,0.951662231917054,1214311.1808884232,False,False
1376,0.01917872279989142,0.00587406768758905,1.026378032989255,796711.8818345349,True,False
1377,0.018497953402265628,-6.670350425819273e-05,1.0857898291285286,434046.2308132957,True,False
1378,-0.007947467512797072,-0.002112511881805789,0.9452753504445259,1258495.824463984,False,False
1379,-0.006350145179879065,0.013874367506792709,0.9975505290618903,886457.7664450493,True,False
1380,-0.02894584441230251,0.001734310451522043,1.042942039958039,569086.0129302596,True,False
1381,-0.01487061417375035,-0.0022812374634343753,1.0564752228635914,533496.7988911597,True,False
1382,-0.004200132700048594,0.011543247868422923,0.9453015375469003,1230749.1973704144,False,False
1383,-0.005741791843404987,-0.005580455796017569,1.0055732191285616,891354.2995268363,True,False
1384,-0.031092399571197065,-0.008082277934111648,0.9957954419746515,889850.0081914316,True,False
1385,0.006830330113674875,0.001762363790688502,0.9952205192786683,971657.1547129933,True,False
1386,-0.0011652107253291308,0.0010577512543769106,0.9638526055864887,1150571.1617643964,False,False
1387,0.019828540753278754,-0.003264730614670105,0.9979282491558539,1004634.9884492299,False,False
1388,-0.011782995057608535,-0.001164139053393102,1.0834435394593518,367713.87684288016,True,False
1389,-0.019376037788076318,0.004065150699186835,0.9540138792285048,1153992.6383894968,False,False
1390,-0.003829993838728075,-0.00575793637327829,1.018965011912577,812122.4841437815,True,False
1391,-0.019881643300534515,0.0019487714474264613,0.9879590438252477,942900.4266761641,True,False
1392,0.011632432583955464,-0.01180071161523558,0.9879868582811057,1068715.9048395308,False,False
1393,-0.0012545398380371634,0.004656105063997053,1.0020588577246083,897669.6547747017,True,False
1394,-0.004572680754901549,0.001317010215026362,1.080575224576354,399093.4434734483,True,False
1395,5.765245047751324e-05,0.0009765150345106293,0.9739728204163384,1089930.6197454557,False,False
1396,-0.024920199710242886,0.010665007297225132,0.9977264109450458,842583.9587900701,True,False
1397,-0.012678083662752058,0.009191443735342131,1.052923645122823,530220.3277270943,True,False
1398,-0.009205727635257828,0.0018767209983399527,1.0505243145209844,575483.8491741181,True,False
1399,0.002946885807423762,-0.0003057646917323561,0.986093371939189,1024568.0325898267,False,False
1400,0.010229416516320183,-0.002189071007844738,1.0062458944731372,922098.5524410671,True,False
1401,-0.006176419151697019,0.008213613726736853,1.0708402988489552,437256.22627024725,True,False
1402,0.007623643859273033,0.00044420125482341456,0.9524318348082759,1249272.946298117,False,False
1403,-0.018869064141304223,0.001733227287219922,0.9847791129376702,966513.7484125583,True,False
1404,-0.0015269569506461804,0.007068304521231693,1.1265792818167604,99404.08314854442,True,False
1405,-0.0059909043746848726,0.016258552530415638,0.9766307288802585,1013676.8364790902,False,False
1406,-0.0009142135494874026,0.012235309312864125,1.0473454267927094,589918.2906922717,True,False
1407,0.013088335310409356,0.0002220661826384102,1.0772349105258998,472514.43408240064,True,False
1408,-0.01876925931641026,0.0027236044749296183,0.8783449689653038,1639967.0144164697,False,False
1409,-0.011385834618098396,-0.004269970061131504,0.9190929226964855,1421207.3454165275,False,False
1410,0.007264978207386806,0.0019254168382192964,1.0482431074863212,635682.1583186542,True,False
1411,0.008912157669924257,0.0027195452881354624,1.0333045176527191,732927.2700994539,True,False
1412,0.021884925023679308,-0.0006252619112505691,0.9361715744927105,1395210.5819518636,False,False
1413,-0.01750919304017341,0.0018975680776616725,0.9370020025959821,1273260.0213128584,False,False
1414,-0.010984300173829465,0.001119439906813759,0.9807623397740246,1015679.0088535069,False,False
1415,-0.014370688121693632,0.004552820150075375,0.9955078639409803,903051.5112638364,True,False
1416,-0.009288029189316921,0.002578776796485116,0.9952017816078171,924637.8380899342,True,False
1417,0.020609387327446837,0.0009489728757887275,0.9954677078030867,1010705.7353443786,False,False
1418,0.004825270318444545,-0.01106675566437814,0.9820568812736871,1085384.588900954,False,False
1419,0.0083815850580303,-0.014605374049388846,1.0477861266300468,687706.2331855809,True,False
1420,-0.007364046488332941,-0.0038062204694844634,0.9918220203100714,969229.9458915578,True,False
1421,-0.025323121656890334,-0.0023086568384128505,1.1110914780492664,157626.43383955886,True,False
1422,-0.015081059507680237,0.0004566833572444255,0.9716744186864509,1063835.1212148017,False,False
1423,0.005327941729566128,0.0067957773619357386,0.9447065436043514,1274264.1260635473,False,False
1424,-0.002980097228972233,0.0008724247314425961,0.9708171087403971,1101805.7179499036,False,False
1425,-0.008355401461447764,-0.008517988285374338,1.0146598321423828,834549.5179834357,True,False
1426,-0.028503148382962827,0.002038853787104612,1.0211111694205819,708112.0531727849,True,False
1427,0.02558953556001829,0.003352638424415029,1.0203186034097669,860056.6447918986,True,False
1428,0.0026037160365875163,-0.0034674766490175903,1.0298777988140615,754351.3872090469,True,False
1429,0.006026386478752096,0.0012300010220214332,0.9971601715632368,958583.0376278156,True,False
1430,0.01127222890336038,-0.004347176832765682,1.0573688621319852,606341.3278613496,True,False
1431,-0.016154792853873407,0.011256801385214019,0.9658147479579416,1067997.0518266624,False,False
1432,-0.020451290761199857,-0.0062603591995801875,0.9989191081700229,894560.9266457288,True,False
1433,-0.022935622086688104,-0.0005123880315271173,0.983414132346585,970113.7077191919,True,False
1434,-0.010652445378734296,-0.001309631992277857,0.9834613703434532,1006223.3538602397,False,False
1435,-0.0150446480594307,-0.0038061180355764314,0.9891473254548854,964836.7426659925,True,False
1436,-0.0038369669841207404,0.00256658812582044,1.0278143872040142,732731.775291251,True,False
1437,0.010428460843219781,-0.010155006340948194,0.992134525902525,1034443.1388089422,False,False
1438,0.009247753478217073,0.0027878386934253796,1.0736039491299907,477741.3811775516,True,False
1439,-0.0018248756495868716,0.006821749546643168,0.9796829739852473,1032156.7019622,False,False
1440,0.008451235516399265,-0.010508205648776789,1.0662392021515883,559305.449162578,True,False
1441,-0.022096311700583106,-0.000672260320864835,1.0315924701491457,666928.388527299,True,False
1442,-0.007822994692153903,0.0030609383332609336,0.9594472865051147,1154440.0530157574,False,False
1443,0.013078211974529722,0.0061316423882671,1.023558069683954,796922.7740042729,True,False
1444,0.006884274452229426,-0.007951819079281714,0.9583056105015845,1233282.7682458162,False,False
1445,0.014394293070435209,0.008426514520018831,0.8985273253627113,1588232.0642336828,False,False
1446,0.0030741360220753904,-0.003595686749331448,0.995504575030408,974312.0024445526,True,False
1447,-0.005121708466187888,0.01075462053169449,0.9987977772011145,890640.1231054064,True,False
1448,0.003329560749871744,0.00473455009448505,1.0416832054736747,658568.5755945455,True,False
1449,-0.005511228939679595,-0.0071569546762740525,1.1412485860018362,34749.62725434161,True,False
1450,0.010809131634548275,0.00404472318034401,0.9718416631018448,1124851.5332837638,False,False
1451,-0.004651796679624288,-0.0014879759720256935,1.0001604119654024,917371.9759112784,True,False
1452,-0.004485731499053049,0.0014082795616867933,1.054355179562094,565597.2740280927,True,False
1453,-0.01441229686766131,0.009243223819830091,1.004416545326631,833303.4136324946,True,False
1454,-0.0021209691492943264,0.0005650799920174757,1.0290491670084787,735237.8092938765,True,False
1455,-0.010094881800361699,-0.008487337016346073,0.9359501934277682,1329484.2676609796,False,False
1456,-0.00940728768138329,0.008430159028974343,0.9636731942976873,1108247.2861486468,False,False
1457,-0.017641849560893832,-0.003787348185678216,0.9820964308319883,1002333.3029227338,False,False
1458,-0.00022858482578443242,0.0034848567554972938,1.0199025675219027,790465.4242856946,True,False
1459,0.0075789843496158185,0.0013705979121749355,1.0538855125165925,602267.2841007076,True,False
1460,-0.006709378964017787,0.004297232179838093,1.0437164359168134,618929.7951778561,True,False
1461,0.0027263194845638422,-0.006201104049156858,1.0155970941475485,852994.3577210931,True,False
1462,-0.008284345548831628,8.611170851486859e-05,0.9913048348022913,959118.3744206638,True,False
1463,0.006546624109556298,0.0013398178314317293,0.9906987196502708,1000760.248913296,False,False
1464,0.000918283225569914,-0.007033808599059288,1.0229781001124159,803404.8849737544,True,False
1465,-0.0026578219494784007,0.00028462958169667477,1.0095302899287568,858482.8008390702,True,False
1466,0.00984658320738943,-0.005475075544325261,0.9542703594856692,1260261.0516302155,False,False
1467,0.007138579649865127,0.005071962011691251,0.9807097719754845,1055456.3564196117,False,False
1468,-0.008451941327514853,0.008428291846299268,0.9665745180421471,1092486.250668116,False,False
1469,-0.005794848548897576,-0.004941133161055098,0.9643277183135778,1151365.187698659,False,False
1470,-0.013919292135210964,-0.011446361401244803,1.0154319876925801,822309.7618349453,True,False
1471,-0.005244824497101923,0.007564062818309489,0.962612767075502,1128978.856574898,False,False
1472,0.0037976585781264423,-0.0030153341806210977,1.0258388131499194,782066.6236476158,True,False
1473,-0.001636600238989675,0.009904919026193795,1.0305500911525851,701056.4805983737,True,False
1474,0.012615469818978306,0.0005369286939572878,0.9965689882794047,982607.5118944482,True,False
1475,0.01013103402719731,-0.0027864971688224558,0.9625462621321571,1201011.2662530676,False,False
1476,0.01529200421737503,0.0065828899667411235,0.9959271171912093,977304.9735031398,True,False
1477,-0.0023225784217972803,-0.0038991085481329493,0.9539139200551054,1224264.8242468466,False,False
1478,0.011617647454831794,-0.007994564161114602,1.0021231145646643,968305.015198061,True,False
1479,0.005197781013491397,-0.0076008783657967585,0.951050468829423,1273686.81303682,False,False
1480,0.005309641100798007,0.0034457535836481448,1.0209827577787876,799130.0703074567,True,False
1481,-0.005059250328080248,0.0013117786308640478,1.0162064999512272,806540.6176450797,True,False
1482,-0.0015130229110941612,-0.014474559181935057,1.0343188997038433,745326.6753480351,True,False
1483,0.0053832920927372385,-0.006440545055945547,1.0556035023208137,606987.5636433542,True,False
1484,-0.007227245690511815,0.0030240711679608307,0.9624424511475828,1137179.5373986533,False,False
1485,0.01576707890761082,-0.005896220801915954,1.0140751841970546,898110.1574098801,True,False
1486,-0.009373089548955283,-0.006419052912839182,1.0535939855874836,578614.8788455474,True,False
1487,-0.031575723835766775,0.0061175809240136035,1.0364173770368466,591000.9852406429,True,False
1488,-0.005013535443096196,-0.0005826860584600185,0.973934624195456,1080397.4996923204,False,False
1489,-0.003311195941130589,0.0038773424730089464,0.888916191868895,1612648.6688995818,False,False
1490,-0.020621351875666213,0.003885770155156589,1.0032542445923007,838314.3952539237,True,False
1491,0.019437163580016435,0.0009619652192736437,1.0382349370972566,735804.465095627,True,False
1492,0.016361243071867357,0.007493057059562777,1.0186615730156796,833367.8576033077,True,False
1493,-0.0009036594660285618,-0.0029630001849738313,1.0005542427546226,929409.6570867312,True,False
1494,-0.0020038594580255287,-0.004409438388075167,0.9855266583054388,1025809.2230377867,False,False
1495,-0.026952133052617937,-0.0035168650489827594,0.9579701495636453,1128883.999615442,False,False
1496,0.00879721214717331,-0.005370002626566703,1.060175338585143,584476.0090236778,True,False
1497,-0.007145784809388781,-0.005858161088919296,0.9495043668876484,1244296.1741109327,False,False
1498,0.018341036980029868,0.006850731158994109,1.012571860705761,879340.5722894003,True,False
1499,0.013536385043881837,-0.0014593334947730844,0.9331912074706097,1393221.3339736806,False,False
1500,-0.01703188564527623,-0.0019326877746176539,1.0500996722817244,566999.9175991388,True,False
1501,-0.004467102611229988,-0.0011253153415266203,0.9732431094150967,1087820.536835506,False,False
1502,0.0039377007514417185,0.007771366288591183,0.9743453916670481,1079451.1098073514,False,False
1503,0.007573096137810873,0.003709003910764894,0.9688712592232893,1135642.6071295117,False,False
1504,-0.005167153047595664,0.007878547554161293,0.9669773294657295,1100601.619257738,False,False
1505,-0.015993786661906897,-0.006723798403628338,1.0054168675861346,866993.107219321,True,False
1506,0.014535743490407363,0.00024061533000297453,1.0482451675145077,660597.0943562888,True,False
1507,0.00035358485522640466,-0.006371848896089616,0.9849739712162746,1041343.5891331026,False,False
1508,-0.008522700245667134,-0.004741193412945488,0.9734491559826051,1085288.0260531444,False,False
1509,0.003475562354532513,-0.01740232791163085,1.0500528413472539,667440.3495094154,True,False
1510,-0.0037627944353799308,0.008106668579356109,1.0081005072329345,842714.3992266591,True,False
1511,0.02747897813389114,0.005256664517361093,1.0768683804687984,500884.9167557887,True,False
1512,-0.012303341612712997,-0.011576185401224352,1.0367488189473377,691792.1882609907,True,False
1513,0.014686704261806086,0.004386590448517123,1.0040720405061299,930007.5245360292,True,False
1514,-0.008412864290172488,-0.0014057621218454034,0.9838710442586632,1010123.138305764,False,False
1515,-0.006841746392737177,0.003792813421406279,1.0618678002389634,504691.38954231027,True,False
1516,0.010394442496705977,0.006968974010568717,0.9869352221376798,1019702.7303046279,False,False
1517,0.0004381437674635344,-0.013005604791288258,0.9475675198819321,1297601.625607333,False,False
1518,0.008785363425529212,0.0010624880130966534,0.9916145608918644,1001947.5426117282,False,False
1519,-0.006662246019288082,0.005681512959405593,1.0444979025214063,610244.9481438356,True,False
1520,0.002257319993860798,-0.0007806738303608599,0.9602134844867382,1188326.1451734104,False,False
1521,0.0072502328017487565,-0.0007801987530065092,0.933772862514727,1370139.381784231,False,False
1522,0.01879248438307153,-0.005447527544516557,1.017207617100363,885389.3255709431,True,False
1523,0.013400341129721783,-0.0028096117396928274,0.9154096710833651,1509526.5315979803,False,False
1524,-0.007162428950586218,0.001315313201413759,1.028939474434497,719813.1289501493,True,False
1525,-0.0065129537440714895,-0.005837947841583228,1.0699135411452956,481317.87564424763,True,False
1526,0.006002930422871155,-0.0072786288280811485,1.0273339674397926,790576.7332115986,True,False
1527,0.003277001039257607,0.0057756145221853974,0.9600643770427318,1173861.8138791912,False,False
1528,0.017213783987484625,0.001989379207832641,0.9831004098787953,1076899.104784091,False,False
1529,0.001087294156539649,-0.004839168605150342,1.0068369235633265,900274.4043039215,True,False
1530,0.02409866031184896,-0.0017552599636375093,1.0084695035387443,945374.8849289317,True,False
1531,0.005647040391645192,0.0017428148409891345,1.0567781880698417,577483.0627591745,True,False
1532,-0.0226893496136958,0.000981131837572641,1.0034042931457874,839690.2882690772,True,False
1533,0.001336083293459058,-0.009430235828004901,0.9479571586098852,1287674.4595440722,False,False
1534,-0.012726262372727533,-0.001464890115230077,1.0058646917038685,858606.0454063856,True,False
1535,0.01904008300434643,-0.0064398694643668306,0.9915005688637052,1052098.6903185921,False,False
1536,-0.01787823231905577,-0.01212104655752194,1.0271126396969816,738987.5523674148,True,False
1537,0.00996566789588179,-0.004757160156619681,1.000777942613339,963238.1022494524,True,False
1538,0.004391541009232303,0.008371444574209939,0.9003979080829321,1548662.9454883724,False,False
1539,0.00021793773592726484,0.002113972714283634,1.0422952546011661,653314.7937581411,True,False
1540,0.017702138561225357,0.0011492255591514756,0.9466296989005367,1312211.88117752,False,False
1541,0.01689788925659729,0.0062042618282815406,0.9355459071884837,1366292.357132514,False,False
1542,-0.0010140729414412177,-0.0033471889277275862,1.0481193700182214,628099.4715103325,True,False
1543,0.013384860447533856,-0.0012791776354151828,0.982528241605074,1078972.9854265344,False,False
1544,0.00447366366509558,0.006956905511797496,0.902716239384882,1538105.8908810755,False,False
1545,-0.006972358763712204,-0.00895572030655339,1.0380443111806832,691109.6813261997,True,False
1546,0.02741908806289895,-0.006148301928863579,1.0653822143835328,605409.4777965101,True,False
1547,0.023151344353774028,0.008717801447256375,1.0712484432985725,514895.2820663864,True,False
1548,-0.0007232256720838543,0.004228532806334556,1.051626138791223,585551.3966567088,True,False
1549,-0.0086995961124573,-0.0034750745192603416,1.0066379811439243,870498.8174354204,True,False
1550,-0.0021123410577681147,-0.012559896288604563,1.0321425055286217,752150.5977944076,True,False
1551,0.0019450443968206026,0.010590760073438388,1.0351344485448788,680003.0978629938,True,False
1552,-0.011189739371679169,-0.012525323238211525,1.0271305142156892,758616.9179948787,True,False
1553,0.020891048077143197,0.0036553918358176135,1.0356054685012086,749053.159979563,True,False
1554,0.014121356868135792,-0.00011059113944580721,1.0803450628153688,456564.16177990544,True,False
1555,0.008858110002214996,-6.503876032907074e-05,0.9701898323791801,1141350.729745894,False,False
1556,-0.00839582888389181,0.005927728952273138,0.915748438123988,1422384.4171002493,False,False
1557,0.0022906904561543983,0.00263436682340128,1.043309631649676,651193.8056935279,True,False
1558,0.01496266118742144,0.0024401672132638506,0.9631461636118284,1196101.8721262563,False,False
1559,-0.009567527272563154,-0.008130694863775626,1.0202886924323862,794350.2497352082,True,False
1560,-0.004729936211369645,-0.006597460055536589,1.0171211112536864,823664.3824667546,True,False
1561,-0.017528159148592824,-0.013349001306669687,1.0235976486342833,765702.7107256758,True,False
1562,0.02523250360874533,-0.0012213869270009613,0.9284018604256393,1455531.155400917,False,False
1563,-0.0001576133336468248,0.0020839881524767215,0.9981324003369114,932818.3036929945,True,False
1564,0.02439270181331219,-0.002137820948106079,1.0975947887460444,381249.5408146905,True,False
1565,0.014292914924576358,-0.012921358839598773,0.9220023609246579,1498289.0531112025,False,False
1566,0.004648998892624848,-0.005292188651044491,1.0110939893334545,884414.097110802,True,False
1567,-0.01216485906246682,-0.0038751852401744864,1.063327930450183,501945.57073113474,True,False
1568,0.01092026810923994,0.0033160520236115666,0.9953514299050965,977885.4869542405,True,False
1569,-0.0005336133866323779,0.008917481613088639,0.969228081045086,1096313.4170549894,False,False
1570,0.008071981792713567,0.01415648432989002,1.040053212822149,655894.6546397496,True,False
1571,0.009021191151334906,-0.01146230473369567,0.9448482828470394,1334465.9993481778,False,False
1572,-0.015403016465128533,0.0026409248570152645,0.9858628528931623,966752.456390062,True,False
1573,0.003058212330685993,0.00892498245262204,1.0131046340949048,827643.2783128561,True,False
1574,-0.0055730598439412676,-0.002278213519428528,1.0176775422486335,805761.079773165,True,False
1575,-0.003253867655659743,-0.00017212160629155512,1.004478808289261,890175.5574739912,True,False
1576,0.00027312831783470954,0.004797825756578396,1.0675547708403343,485582.03590430226,True,False
1577,-0.01493631163106217,-0.0050451855608496885,1.073984810582787,429809.15655265306,True,False
1578,-0.01610469912560253,-0.003368706075075942,1.1182924481567031,140505.5277274613,True,False
1579,0.010255541896580005,0.004684428425303827,1.0019944239633807,930038.5837330477,True,False
1580,-0.015730916874468495,-0.002190926647237348,1.0586508122907643,517034.2114182578,True,False
1581,0.004745992934966326,-0.0029759276341047194,0.9395787965173008,1332408.8417728595,False,False
1582,-0.029287883067825777,0.016605984356084756,0.9778920870883552,939851.577738604,True,False
1583,0.015890723700627087,-0.008636334925286657,0.9702477607084966,1184416.6728145783,False,False
1584,-0.004091071545128343,-0.009659339424653185,1.0009654372448624,936565.4573856222,True,False
1585,-0.01310147240634431,0.00011489922004627432,0.9478039679404519,1221890.977483722,False,False
1586,-0.010328605112336806,0.003712575200531072,0.9960329216414983,913307.0911016975,True,False
1587,0.010942203131682515,0.0034336044291503436,0.9804620128491953,1072177.677263088,False,False
1588,0.008904822511271676,-0.004138069696604411,0.9665755305954987,1175771.5030234654,False,False
1589,-0.012190561198034026,-0.00751358740888582,0.936167955956371,1319557.4977049185,False,False
1590,-0.012653226715415664,0.008821135376158605,1.0540232587514746,524336.9537975348,True,False
1591,0.0031277139030260457,-0.005160532343799561,0.9983843319794005,960528.4239109254,True,False
1592,0.029516923644472084,0.0026318502810931854,0.9391098731022307,1388727.8981434815,False,False
1593,-0.009634829350876653,-0.0020117916760719287,0.9586598887775388,1168517.360733914,False,False
1594,0.008414050583241604,-0.007973876827162451,0.9519938999537738,1277686.1643579653,False,False
1595,-0.009063784129795329,-0.0030073849663532493,0.9845964051414523,1008162.8858665265,False,False
1596,-0.015472610607573474,0.007469726555991057,0.9806795621144497,986035.2303849112,True,False
1597,0.01662319210873518,0.01475929990993882,1.0570579999671617,570026.7459288037,True,False
1598,0.017275910376042307,-0.00041396317871862876,0.9828366748216614,1085436.6961675177,False,False
1599,0.02467827576830636,0.0077878530294317825,1.0062288289438621,934654.6614348606,True,False
1600,0.00800237932361935,-0.006545601377095519,1.0281265864174802,789068.1535252959,True,False
1601,0.0009790280999483788,-0.0014746703170519094,0.9173513566536717,1458904.6138753365,False,False
1602,-0.0052744765113181494,0.00490993559573333,0.9637403732898013,1129123.043428755,False,False
1603,-0.000631990599808178,-0.006780248531267901,1.065194843795034,530277.6518628737,True,False
1604,0.004374703704117601,-0.006345670928701144,0.9856744153752433,1048015.2791460503,False,False
1605,0.002542995126327393,-9.61474628003712e-06,1.046608711129342,638304.1914443166,True,False
1606,0.011793863513235275,0.00540114359996436,1.0656388413816875,528138.4180810885,True,False
1607,0.014972881033029543,0.003798954935344636,0.9761631581731078,1109680.9690788763,False,False
1608,0.005885315278545527,-0.0037925378375197453,0.9958498468858694,980492.2007724065,True,False
1609,-0.006897221322152188,-0.0016742763087683357,0.985943357913136,1001928.7199173411,False,False
1610,-0.012105282129616578,-0.0050767734090619646,0.9964703642787996,930048.9473680004,True,False
1611,-0.0025488941236994837,0.007566225434040483,1.0256742113624162,735992.1857066161,True,False
1612,0.01811793016880706,-0.002420862851768293,0.982380627894894,1096262.9476211371,False,False
1613,-0.01220064543650338,-0.0046964570238811265,1.0336122851240406,692847.3800676216,True,False
1614,-0.007502238190097263,-0.006231610589842752,0.9912628270859487,979147.6863982889,True,False
1615,0.007877754498702365,0.013112739185503626,1.072485254872716,452292.8700900264,True,False
1616,-0.00557439100036048,-0.0009283873325418911,0.9382821450278418,1306217.1057913816,False,False
1617,-0.014394590327377265,-0.00478680808914366,0.8743418462327089,1698472.0668458627,False,False
1618,-0.0180898762779997,0.00790702210531707,1.0386938502394456,609100.9745564468,True,False
1619,-0.011745958230189039,0.008460780922409686,1.0594721606427515,493261.024269628,True,False
1620,-0.013175439461825155,-0.0012942809641118174,1.0291593436682067,708943.318758846,True,False
1621,0.017905855171195934,0.0021405213800522282,0.9679720878287748,1174480.3520041602,False,False
1622,-0.004712897864496937,-0.0067262750706879315,0.9393731230339116,1317825.1570680821,False,False
1623,0.016925934979073347,-0.0016774801339387029,0.945202456750414,1326983.4977222718,False,False
1624,0.008821939679050256,-0.009656249673201597,1.0024884122830207,962828.5398641282,True,False
1625,-0.008922976341482976,-0.007290492361133895,1.008171018333991,870761.4618556051,True,False
1626,0.008572550376851262,0.0009712923524649922,1.0121840482960045,870978.2050031989,True,False
1627,-0.00046955976792857574,0.003290682832364006,1.0178574291296898,803323.2298276778,True,False
1628,0.027662239153694857,-0.011222880982845355,0.9624347390930194,1274000.8759578543,False,False
1629,-0.0007348319926216434,-0.011352835868166645,0.9921236511997301,1006773.1128560158,False,False
1630,0.0075276001339733365,-0.007285138943618854,0.9841494012806313,1069091.3858500384,False,False
1631,-0.0010572719067082883,-0.0003255119092411157,1.0059205780347578,887560.5367537586,True,False
1632,0.0038227622899671696,-0.0016104844580350059,1.0519828670851545,612192.8115904538,True,False
1633,0.023083377596181325,-0.0002148378187372991,0.9477612576202443,1323801.3806901174,False,False
1634,-0.01625484733998829,0.005919276252886107,1.0040195147661637,839948.3405298374,True,False
1635,0.01828305747643181,0.0028841799122070596,1.0061824493903284,930797.4553913776,True,False
1636,-0.0060536987313077805,-0.0003634598473739445,0.9656786689405942,1129323.124075979,False,False
1637,0.00376205410144926,-0.003723149117330606,1.0033577268986646,926708.5558045792,True,False
1638,-0.00925523649663651,0.005489282483213857,1.0900116657646515,314517.7487265689,True,False
1639,-0.00020492014849393,0.004189204258513805,1.0274719217680384,740499.9682568221,True,False
1640,-0.012395478003875077,0.00905464121149378,0.9825585728446522,978255.8032150314,True,False
1641,-0.012253865503860277,-0.0028084371198231132,0.9787336969569528,1035961.7970170885,False,False
1642,0.013650979149773635,-0.011951190068714788,1.016492730102634,893720.9593231231,True,False
1643,0.006892549319152015,0.003698459732268764,1.0172380158417715,826614.4806872203,True,False
1644,-0.018589904123881257,0.0018238426054012393,1.0019670310665425,857883.1136707723,True,False
1645,-0.003654694500295697,-0.009908835362434521,1.0121427537545855,867490.7241054004,True,False
1646,-0.0023318500702272406,0.0051244649642002635,1.0184371769482465,789353.3210370955,True,False
1647,-0.0023627622139512465,-0.004957268343601956,0.992981829583718,978989.4885040055,True,False
1648,0.004791177058121968,-0.0024582277178822744,1.023999566709127,794961.9036770517,True,False
1649,-0.016654953799947997,-0.003229094361476985,1.0119380711526673,814010.8865192079,True,False
1650,0.029897620687480076,-0.005528517889728789,0.9271247378596456,1488616.2394949065,False,False
1651,-0.0007853944187876988,0.0068966992034216945,0.9574964720135938,1175741.4976111958,False,False
1652,-0.015214861468778873,0.004405758192541889,0.9547771642565617,1159779.8758961977,False,False
1653,-0.005212101952671608,-0.004004475142910149,1.0678365384632227,493025.7515662089,True,False
1654,-0.03861499693179596,-0.002282565785468151,0.950498481729655,1140434.8425185839,False,False
1655,0.0038060220313736147,-0.008926718390313141,1.0881212130754134,403007.02279025153,True,False
1656,0.00046693696553867976,0.015024677463192127,1.0211445716425138,752392.4720849334,True,False
1657,-0.023916094974733702,0.0014498284160288611,0.9322736525889518,1286700.9323301008,False,False
1658,-0.009258492752410311,-0.0022626263378555237,0.9922225720693293,957116.2968878685,True,False
1659,-0.0039242823050990435,0.0016373054925423608,1.0780181320075055,416246.07474432804,True,False
1660,0.0026069904073542645,-0.0013742923469091265,1.0472847767542293,637987.4385518979,True,False
1661,-0.0021722586266587638,-0.006019199441526149,1.0156855331799721,838291.0709665013,True,False
1662,-0.009087508736488378,0.008640085819808735,0.9215509791711337,1376058.960260508,False,False
1663,0.004306430672005701,-0.005507126319554067,0.9882371789537188,1029215.7683953001,False,False
1664,0.005040078481139908,-0.004787756683994692,1.0433613254736074,679178.1411161418,True,False
1665,-0.00012109866010902877,0.001434828986330132,1.0580227292860989,554380.8871606541,True,False
1666,0.011912257278141842,0.0026056506811303103,1.0661431877720102,533046.3294844709,True,False
1667,-0.005848935233410529,0.008567457087740562,1.0185416803266099,769316.1211651505,True,False
1668,-0.010690503938091405,-0.001186938935298274,0.9435780697931205,1259063.1031568334,False,False
1669,0.024969931452414173,-0.0008880283116075332,1.060652428025403,613987.6010112308,True,False
1670,-0.012143339646132274,-0.0010465215949984666,1.0662163238551703,475788.47878188756,True,False
1671,-0.011470797409500272,-0.000949285560877432,1.008700293666455,842657.3825379966,True,False
1672,-0.014313012869641295,0.0008748746101451051,1.0210066872871415,751514.1073023526,True,False
1673,0.01047034566004328,0.0014308523486628395,1.0566559277216443,592553.6342005808,True,False
1674,-0.020553186080571446,-0.0027445343263713465,1.0385619527443666,632730.7830594057,True,False
1675,0.010955213781412069,-0.000981366807271333,0.9696419563006681,1153218.085150716,False,False
1676,-0.005501200996088541,-0.006712988987274339,1.107361482537604,248748.85873083968,True,False
1677,-0.012945385090927282,-0.005364350350299944,0.9698647137675374,1097475.7025695844,False,False
1678,0.0027757230031901677,-0.0019471309329642452,1.0227546717614717,795835.1579976,True,False
1679,0.017099214311335962,-0.0015346116750031564,0.9890912334714782,1048343.3316018877,False,False
1680,-0.010017102546762226,0.003816601281609855,0.9735316863541791,1056783.386585431,False,False
1681,0.011151963374388079,0.00041452992223099146,0.9651172197294005,1178615.5142903405,False,False
1682,-0.008752452026879624,0.004111462418163526,0.955527394047741,1173822.8241290702,False,False
1683,0.007350496590885798,-0.0037727524526472178,0.9591252569596322,1217742.6478077683,False,False
1684,0.009227615181883184,-0.0094071129442314,0.8992193806049961,1619095.7582358704,False,False
1685,-0.011039747476864419,0.0043118668619732785,1.008274819715157,831914.7461142791,True,False
1686,0.01875737857429571,0.009247814992703485,1.0089342398124683,896928.6012992183,True,False
1687,0.00467526157493321,0.007279390567475711,0.9966180481497037,941426.4092390847,True,False
1688,0.005093666522363605,-0.002236085201355662,1.008059137017253,896418.5691967085,True,False
1689,0.016951226739223002,-0.014007987401935098,1.0004615374514219,1010441.8396938825,False,False
1690,0.017673691451130104,0.008916134310097117,1.049272992188871,638655.7280592455,True,False
1691,0.012145647819738427,0.00490469792187823,0.9274110186363294,1408344.0563591858,False,False
1692,-0.008250800944070862,0.0037078244810699094,0.9640554038789793,1122183.8139751134,False,False
1693,-0.010927202798473966,-0.002169575395897104,0.990375140822941,963944.8929438975,True,False
1694,0.014247655777573373,-0.012477040272293174,1.025738098379579,838130.9012488583,True,False
1695,0.02563356117516471,-0.013667887716595519,0.9737115471899126,1203544.018304565,False,False
1696,0.0035996137846258506,-0.003090993490107427,1.0008807585359398,940227.2837438779,True,False
1697,-0.002677977327677953,-0.0036543858515453932,0.9509799745837193,1241227.0041109184,False,False
1698,-0.015572230685910005,0.0081203793067367,1.0259753876273636,696286.2575336928,True,False
1699,-0.008396682819701006,0.003277126171537947,0.9315346468988176,1329506.4457825324,False,False
1700,-0.006021209885295396,7.955242409753582e-05,1.0262259984765447,743661.9991249517,True,False
1701,-0.0003368483242896636,0.0004711298800620159,0.9916703730046088,977847.2760279116,True,False
1702,-0.006710936674574616,0.0004326846646185409,1.0316721485652085,706172.2677175156,True,False
1703,0.006595676487393546,3.482731202239891e-06,1.1582433940843775,-59410.83689922909,True,True
1704,0.006625488004442484,0.009233390340112451,1.0176737903221924,807697.0309832689,True,False
1705,0.021734461407103493,-0.009693024274748902,1.022777323536657,870024.2375907678,True,False
1706,0.01839889631337498,-0.0056209778982940686,0.9426750909507464,1358110.8944668116,False,False
1707,0.007991587634552147,0.005018036878559724,1.02734272003382,761828.5779040952,True,False
1708,0.0017629736333877708,0.01248626667960802,0.9319415425779198,1329568.1522475483,False,False
1709,0.0032699907017980853,0.007359040529624464,1.03246942142578,709611.4879121154,True,False
1710,-0.0007170471204703577,0.0012655589670035644,1.0346206476962367,701813.0103784326,True,False
1711,0.0014376795110686417,0.004632073863257498,0.9490219229022564,1242052.4967792162,False,False
1712,0.021754517848765947,0.005225873410940891,0.963800017073922,1203100.648181648,False,False
1713,-0.006081887951957142,0.0016139056829828301,1.0430306072129725,632501.0270954558,True,False
1714,-0.005779049573546754,-0.005102962643487077,0.9977226125540587,939778.3908060273,True,False
1715,0.0145254908773371,-0.002121740717921473,0.9609873145832042,1221293.3910150775,False,False
1716,-0.002594811002265094,-0.0011796533972539373,0.9595853475814661,1179919.813672974,False,False
1717,-0.007452351117763529,-0.00161600839806228,0.9501887478723527,1227288.4099971196,False,False
1718,0.010669020475249548,-0.002894395828356632,0.9555981031452071,1246934.832218157,False,False
1719,0.0031767856915768736,0.003363337688040244,0.9641226780355515,1154524.4027679695,False,False
1720,-0.0017706193329849545,-0.006590492522976457,1.0283210339227746,760754.871260731,True,False
1721,-0.0011205394827169225,-0.0041618594897166955,1.0963756410666183,323609.2754774613,True,False
1722,-0.022328946861129413,-0.002045711040394164,1.0583628998842285,500092.6855249009,True,False
1723,-0.00417135143398667,0.007233019593364368,1.012409827927154,816641.7546909947,True,False
1724,0.0038362553542702314,0.002183929553816128,1.0185572509470364,813944.8697741199,True,False
1725,-0.0017133408123870262,-0.001133143990652902,0.9826690037811032,1035646.3801508127,False,False
1726,0.004931621960790734,-0.002191350717566906,0.9980469403665356,959427.5347952788,True,False
1727,0.0064319532274653615,0.0002973727276233575,0.9685899219813185,1143749.2523028264,False,False
1728,0.0068875205973427745,0.013858196716008143,1.0088343568464007,851689.816361366,True,False
1729,-0.0017324522944580027,-0.0015772185663362186,0.9768607782679658,1073715.619900911,False,False
1730,-0.0099685167504574,-0.0035438557955439413,0.9769828566071741,1055489.2463315218,False,False
1731,-0.01694445338202522,-0.0014849993536776738,0.9542424889530338,1174758.1395230906,False,False
1732,0.012939298376826475,-0.003868783973257432,1.0046130746871165,944686.6489909913,True,False
1733,0.009612361998111732,-0.00887465350161811,1.013105487736945,895427.1591936457,True,False
1734,-0.0017599667017778324,0.0032526427737851293,1.0288228275706601,730199.1927623339,True,False
1735,-0.018771235508162225,0.0051198715547169996,0.9927476994130833,906753.0894945482,True,False
1736,0.00677816795681268,-0.0071299945438300545,0.9153903881479883,1503241.9073805907,False,False
1737,-0.008262720136960404,0.001663513186718125,1.051277229579332,573920.6562619505,True,False
1738,0.009501582971282752,0.0012984168001450962,1.015657912714227,850592.1303263558,True,False
1739,-0.0008792401716129184,-0.002288587627623108,0.9805808433708403,1054445.6182486818,False,False
1740,-0.01729563928196042,-0.011147548490676961,1.0867022985347554,359462.92283879966,True,False
1741,0.009710715895148662,0.006885384060541876,0.9381567377380339,1327810.1588818769,False,False
1742,-0.004040764098569367,0.005223168712918477,0.9789489303770883,1035100.1093140747,False,False
1743,0.005182074009983205,0.0110553953125044,1.0028138054112499,892979.0933556476,True,False
1744,-0.008681004434958613,-0.004456376139752167,1.0561780907985874,558667.2605706822,True,False
1745,0.001118859348795957,0.0003190338617762727,1.0112298138529472,858106.3313019623,True,False
1746,0.004324867554674683,0.007675178703846842,0.9478638353709649,1248973.1749329816,False,False
1747,-0.0007019166156867591,0.006707300393616607,0.9778342942144769,1047341.4809113835,False,False
1748,-0.01486888887318275,0.0075472090226433326,0.9859578084726988,953979.426472185,True,False
1749,-0.003987938341456999,-0.000932410970581467,1.0462110183794504,625219.4477343212,True,False
1750,-0.017950939028691916,-0.000808482632446146,1.0505791512449574,558267.4312044063,True,False
1751,-0.01283698787571999,-0.0008287381266298313,1.021820512436322,755196.3333352474,True,False
1752,0.020596011959824388,-2.2018055302638216e-05,1.0244923941125663,829043.9653174647,True,False
1753,-0.014727948724664444,0.007458018477265759,1.0666972746439292,441867.2081830767,True,False
1754,-0.01155975412790648,-0.001609959230946307,1.0023761668956226,884411.4532673014,True,False
1755,-0.009080804577597438,-0.00771345974641362,0.9544716193975515,1212528.6972445531,False,False
1756,-0.00891785670433727,0.010126679748738782,1.0374907473915136,636093.5832537932,True,False
1757,-0.026218840328296345,0.0008344280388559003,0.925587075401235,1324468.6709524493,False,False
1758,0.01927077692183543,0.01518984060513712,0.883722503578875,1677001.1005755232,False,False
1759,0.014849711514092475,0.0013293441806958449,0.9961185728700391,989481.3239519703,True,False
1760,0.0006354608183273577,0.00027412295849824113,1.0132528549482047,844038.0475418052,True,False
1761,-0.008772037367826977,-0.003805828110453471,0.9291084440855538,1363585.3044948727,False,False
1762,-0.015099210237684048,-0.0032203463761979263,1.0342963721662537,676325.9367771647,True,False
1763,-0.016889809844438424,-0.0057945916807312335,1.096018356345039,286528.9191451629,True,False
1764,0.01055724903618995,-0.006050072536309463,1.0411256967182194,712246.817740144,True,False
1765,-0.009793324506407885,0.007391638180721924,0.9800057669608304,1006340.0862864153,False,False
1766,0.005375364007504172,-0.005150592601198962,1.0152381298331488,859723.5875941308,True,False
1767,0.0023435393230618984,0.0009529322998322137,1.019616171152934,806491.4764914713,True,False
1768,-0.0094763411174742,0.015307170427463572,0.9903447806251007,919529.2979566033,True,False
1769,-0.012108393292323254,0.01161760262107849,1.015137967902837,765018.617703272,True,False
1770,0.007438691259875952,-0.003352022886062729,0.9186351094815838,1473958.1423104482,False,False
1771,-0.008586757335254543,-0.002981093959809069,1.0328931755189734,702698.8218780425,True,False
1772,-0.0069786814872582,-0.000583573151257723,0.9392638123142828,1295114.1516626093,False,False
1773,0.007827469542057219,-0.0040101909021354265,0.9522434610924708,1263435.5054176976,False,False
1774,0.0292842159193218,-0.001924285243462263,0.9561717401049621,1292407.3160902383,False,False
1775,0.005601332611375768,-0.0013131579003545812,1.0143168790825976,855521.586382223,True,False
1776,0.0027867341682806463,-0.0014397582000342099,1.004090753836648,912982.6217118525,True,False
1777,7.424325593516985e-05,-0.0034002225686897004,1.0287117796814533,754528.3877315847,True,False
1778,0.0007307026975249069,-0.00645334941529649,0.9364941188802781,1350501.5606539603,False,False
1779,0.008741796040252332,0.002093917457087866,1.0560395352412746,589811.0503882915,True,False
1780,0.0008287985523560015,0.003439288708499264,0.9445911069119677,1271816.626620339,False,False
1781,0.0004387875253516431,-0.012779433774278844,0.9959301139856861,989837.1411570993,True,False
1782,-0.02119487078532453,-0.016001102294574916,0.9666609470216353,1124466.8989284171,False,False
1783,0.004518420969129803,0.00401427299186894,1.040060239970326,674189.6820252347,True,False
1784,-0.013933995844370606,0.0011550211818843463,0.892404449859022,1568504.6028370643,False,False
1785,-0.01656303981672466,-0.0015546151308490977,0.9892467453384168,953711.770637053,True,False
1786,7.4653339669449e-05,0.002042998356360524,0.9738320464727208,1087903.3763730507,False,False
1787,0.002141851870414176,0.002045348762518916,1.0429941519619814,654422.5744683156,True,False
1788,-0.00974325366088809,0.0032972112354718807,1.0104384555698842,824607.2617911,True,False
1789,0.008973115789513713,-0.0014048140095450814,1.0503185877992423,636525.7986241517,True,False
1790,-0.00618063082348339,0.0033436798180787046,0.9261239798149848,1369851.1900562423,False,False
1791,-0.008438243236919264,0.0038228177489854254,0.9976279238318269,908132.6991724742,True,False
1792,0.005426481906127379,-0.0025127169742339963,0.9361694863328741,1354665.175010282,False,False
1793,-0.005784726615345116,0.0012842548851405267,1.0111383650128996,836784.0975305275,True,False
1794,0.0019215905934481805,-0.0030154490765683458,0.9636300539980784,1171914.5452712425,False,False
1795,0.0036291282945208636,0.0014318192062163914,0.9856776499348715,1024270.595533238,False,False
1796,-0.0053300231800199405,-0.017725081467983763,1.0056097706460236,926073.173465943,True,False
1797,-0.006745678749793083,0.001774594969257821,0.9831942998742287,1010208.9978836491,False,False
1798,-0.021431493872910184,0.004795115706946978,1.0781930311725618,357613.7949788533,True,False
1799,-0.014787664014025582,0.010983010125794434,1.0306899469518251,660561.1292214352,True,False
1800,0.020270092500172844,-0.008660018158163894,1.013702149919253,920706.5186220706,True,False
1801,0.004718423740890743,-0.0029039106427430753,1.0248300383303537,790725.8785479321,True,False
1802,-0.01727496689353308,0.0026595410942033167,1.0404954682008098,614534.2225917676,True,False
1803,-0.00992043518616907,0.0007613882733799231,0.9894150464155265,964686.1300202066,True,False
1804,-0.013142450149309974,0.010757680901098798,1.1080348553989163,174572.88086793106,True,False
1805,-0.012850337530943376,0.002158185820137889,1.0817249857656028,366409.1735639754,True,False
1806,-0.011158537755362248,0.004838320911140665,1.1048742930179078,216643.62425489025,True,False
1807,-0.01799620054115986,-0.0037346125566422926,1.005581650986937,852052.38743642,True,False
1808,0.011910330120976666,-0.004478919341745844,0.9892741321668063,1040933.9668449444,False,False
1809,-0.011318636686134472,-0.003777147277474035,1.0028557102775104,888069.5848760456,True,False
1810,-0.023787952787093853,-0.00410001043357668,1.0191982711379302,750472.8281308671,True,False
1811,-0.021536302413422827,0.0018612361972383566,0.9695675359826127,1055337.402857308,False,False
1812,0.0025337780691765403,0.004646643961518368,1.0044663387714337,892951.6471370761,True,False
1813,-0.004083566937467028,-0.006294986022933187,0.9296172273140108,1380333.258253477,False,False
1814,-0.010262881507079881,0.007500830010893668,0.9142762221894569,1422158.2869208283,False,False
1815,-0.006450089965140956,-0.003985591763009465,1.1270066716322058,113754.9705887778,True,False
1816,0.005717439033093218,0.013171671326707678,0.9400695006503917,1287049.3651039666,False,False
1817,0.016729424940748194,-0.0014530656274077665,1.0535897051797276,637476.0544589473,True,False
1818,-0.02064361420770651,-0.004562279509860726,1.0374166283276491,644812.4295716003,True,False
1819,-0.019599215959938306,-0.001646984363670804,1.026794148297767,707065.0179165358,True,False
1820,-0.014271564586663333,0.00086944609216624,0.9811818063972604,1004560.7886825117,False,False
1821,0.006887882749815735,0.004713956278200921,1.0046357786004105,903807.9657885523,True,False
1822,0.008246268195101901,-0.007350545634869961,0.9951338109374068,1001515.0945110784,False,False
1823,-0.001616198063435055,-0.0008941802195029192,0.9620447678516,1166230.1230154817,False,False
1824,-0.014430848114073355,0.00110200190672355,0.9988177337796716,891469.4660441425,True,False
1825,-0.010830207631353327,-0.004485986683117254,1.030179210443178,717878.6308417197,True,False
1826,-0.004622851120231972,-0.0006347583715020552,0.9270132713838539,1379613.7439947217,False,False
1827,-0.007184273204509113,-0.0007279141802664286,1.0440466091788136,629498.688763448,True,False
1828,0.0031592663312702968,-0.004219752835383072,0.9703313978285557,1136153.569923805,False,False
1829,0.010887102869254048,-0.006197087777385814,1.001621536503924,964453.5887105804,True,False
1830,-0.006219944769944716,-0.008526734283631515,1.024285982896804,779385.0788948259,True,False
1831,-0.012936283444442094,-0.006917773380448965,1.1148905800076685,180808.06256880192,True,False
1832,-0.01951239570415289,0.005251820732839271,0.9522412315965034,1161567.5286674793,False,False
1833,-0.012515515020386296,-0.005085893388303886,1.0308119896126862,710838.7981002617,True,False
1834,-0.0035291990440218784,-0.0035716608816843817,1.0028083403570165,909480.5138225278,True,False
1835,-0.01804589868931528,-0.0013270150254372762,1.0011418952800966,873408.0435435307,True,False
1836,0.014703483957698417,0.005016275825318549,0.9970483430662552,972906.9411131064,True,False
1837,-0.01243366833518695,0.0031859407879537786,1.009254298818496,824948.3906905069,True,False
1838,-0.006985683916070524,-0.001044031524209821,0.8914837757165608,1599813.427912817,False,False
1839,-0.010520970061585134,0.008983691163162397,1.094904795092098,270192.95059011073,True,False
1840,-0.026443283417730192,0.000657689593941454,0.9866601816359636,936478.4057132623,True,False
1841,0.018686813973776015,-0.0064557451073099514,0.9796812532478759,1126220.5732818036,False,False
1842,0.00981229758928089,0.0020847865416322364,0.9695997357215439,1141770.1773628131,False,False
1843,-0.014409371371671966,-0.003116751091437166,0.9713473078675324,1077728.8993974673,False,False
1844,0.005917488394960254,0.00183191437828064,0.934974813928104,1351525.540652758,False,False
1845,-0.00806989207065101,-0.00016175585039765334,1.0091429588752237,847120.5339447598,True,False
1846,-0.0022308568882056326,0.005331758751808056,1.051132820761278,581416.9367462769,True,False
1847,-0.011748239718727897,-0.001265994263363046,0.9759531401607258,1050734.2986421578,False,False
1848,0.01723085897727921,-0.0054955326505692365,0.9904454346886432,1051134.941969382,False,False
1849,-0.0013244563325656598,0.001979227830214026,1.0140710539129092,828640.2346040478,True,False
1850,-0.012232274410224644,-0.008740963155268369,1.0453564525658967,629433.53177716,True,False
1851,-0.017101098030991867,-0.001450188110983792,0.9643374542755474,1110115.0384648677,False,False
1852,-0.009408252818896307,0.004774106374342522,0.9791110382437989,1020380.0606939157,False,False
1853,0.004030763351884061,0.0004110180360850038,0.994120594770654,974611.2990614744,True,False
1854,0.03138431296896763,0.0018100301889010658,0.9675213020222259,1215780.6767396843,False,False
1855,0.01472046126739308,0.0022317626846243607,0.9928360933970802,1007455.7205150097,False,False
1856,-0.028734300561296746,0.01032818641594921,0.9439605272360327,1174356.3129979398,False,False
1857,-0.0090886790003722,-0.003916580704141646,1.0535743433104658,572565.5974185825,True,False
1858,-0.008213321629619918,0.001488874664407348,1.0664742732715151,478032.27787554765,True,False
1859,0.003969030867738459,-0.009715022390613764,1.067580859373189,536100.8164308467,True,False
1860,-0.008270448191213519,-0.0035971643442784477,0.9901568780493998,976699.8769578927,True,False
1861,-0.002050203926130729,0.010767418333416282,0.9011761935333611,1519120.295787972,False,False
1862,-0.008329082510690707,0.011502121229727139,0.9862904096602874,959062.2835525979,True,False
1863,0.009838835451860081,0.0002556426304991057,1.0649443955019704,541429.3933044337,True,False
1864,-0.01283981684353062,-0.013126120738109863,0.989740970919524,993146.3042043154,True,False
1865,-0.010334428925588592,0.00527352439354077,0.9539885665565853,1175957.3755080341,False,False
1866,0.0034352245195475263,0.00033558887635263716,0.9598495157271014,1190809.185939631,False,False
1867,0.008522183284062583,0.005044569327752791,0.9623470850217931,1175999.9630815862,False,False
1868,0.007654211025228344,-0.0018634596107036142,0.9300521585169854,1397908.2502275365,False,False
1869,-0.00021303910710197057,-0.01444772262624224,0.9781664541520583,1105478.3069496995,False,False
1870,-0.008437931208980273,-0.0034822164607650804,0.9840343442224393,1014796.1502377446,False,False
1871,-0.011400518211752725,-0.0022077679914375937,1.0118478418320063,826366.8599496756,True,False
1872,-0.003332708441241144,-0.00869149224420065,0.9955095348573465,970631.1980011882,True,False
1873,-0.0025361997715723722,-0.0064053721283941325,0.9873776631048425,1018127.9763731939,False,False
1874,-0.012553323443712149,-0.00015619640643341578,1.0071387702981769,847353.3453887275,True,False
1875,0.003756638000973214,-0.0012827048579822356,0.9758128039504799,1094830.2180971107,False,False
1876,-0.024404884065634878,0.0038825175284953606,0.8901325467044473,1546194.8008905067,False,False
1877,-0.0024914150797236178,-0.0008237308585467725,1.0490763289766378,610885.7883182075,True,False
1878,0.028965203803962638,0.0025676385271249636,1.0037853424506036,976635.873206798,True,False
1879,0.006899956587068351,-0.0105528731973503,1.011052016970364,905589.4740252286,True,False
1880,0.007753015891415975,-0.003918619903751473,1.0091041758046913,901867.563326819,True,False
1881,-0.006110639193249658,0.0011387042636097678,0.9628294503465082,1143077.8779077912,False,False
1882,-0.017219183528717406,-0.0052077268298063775,0.9980634875410838,906061.3402057309,True,False
1883,-0.005581376545524126,0.005490167032177471,0.9442370153424796,1250513.8291147868,False,False
1884,-0.016743738640729176,0.0046913291076155226,1.078276636683382,370420.2036723249,True,False
1885,0.006317851000251026,0.0044064972584365834,1.004529064739978,903754.7973664172,True,False
1886,0.010458046392504645,-0.007882772850844804,0.9723069140791601,1154120.0561121195,False,False
1887,-0.011224290948709071,-0.003241232502071094,0.9825668740882693,1015688.9466041629,False,False
1888,0.007897399596679879,-0.00475625704555415,0.9512166700124397,1272227.6994834817,False,False
1889,0.0070064089166453035,-0.009663259554628522,0.9824458309920148,1085079.0678284003,False,False
1890,-0.014520474120798762,-0.012041123205993818,0.9289071615852497,1371785.8162469019,False,False
1891,0.006234231596229542,-0.0010953973043319356,0.9903968556629972,1008586.2228459279,False,False
1892,-0.013284798568026614,0.0016653127929874413,0.9290165830374684,1336378.2743967248,False,False
1893,-0.015405740371416062,0.0007349803025322014,1.009353215106973,822869.6766505338,True,False
1894,-0.018321144741864432,-0.006263494775262372,0.9833260433435171,999525.9683534293,True,False
1895,-0.011295203197674238,-0.007099067737822818,1.0026164866545337,898900.6911777102,True,False
1896,0.007968271515849874,-0.0019209855692527559,1.0257964160238855,790898.7253667278,True,False
1897,0.0040758029123133714,0.0015105092643108874,1.1077025197548358,250350.54386717,True,False
1898,0.011540198104623438,-0.0029873775767880134,0.9631126080033858,1201896.1633823772,False,False
1899,-0.006046070094333222,0.005764297138482197,1.0189599699231289,773913.6145820831,True,False
1900,-0.014764410312223739,0.0039057512862943704,1.0436134116986986,598252.4093641161,True,False
1901,-0.01686177812910168,0.017726502959294788,0.9382142950640525,1223303.0082036946,False,False
1902,-0.003461357761468786,-0.003758225941545861,1.0052263537220072,894832.5621422755,True,False
1903,0.006689045030915124,0.00417284555139453,1.0348430238046185,712923.2896149196,True,False
1904,0.003927313185265681,-0.00020690736935872995,1.0008033778372556,933602.946882565,True,False
1905,0.009431342289698134,-0.005144239324062965,0.9913353889955525,1022795.141481644,False,False
1906,-0.015893674000073334,-0.0017404177433492638,0.9477211505780223,1219809.087252923,False,False
1907,-0.009020565895546846,-0.0013329048176957872,0.9600578751244846,1159459.2766622177,False,False
1908,-0.01817971610746705,0.011111375201133407,1.060018242367621,464506.5229729635,True,False
1909,0.016201960033319668,-0.00042388483262688066,0.9907954289067035,1031931.2236702484,False,False
1910,0.005161768448567403,-0.0018054910592083103,0.9843060383085399,1046258.5634998248,False,False
1911,0.012963655150056715,0.0010898393416910847,0.9558581158617294,1240580.5268890595,False,False
1912,-0.00023375840793482582,-0.004106038797622532,1.011885591136745,862493.9274363691,True,False
1913,-0.025046554083238325,-0.0015425842912784925,1.058565802426057,489839.12628212804,True,False
1914,0.005604514412817771,0.004068700072812141,0.9781311212145476,1070355.11227905,False,False
1915,0.0015709597391642155,-0.0038258692452080613,1.0084863599471836,888325.0677293972,True,False
1916,-0.0024272881120593255,-0.007245141147642103,0.9467398490736362,1278847.550026735,False,False
1917,-0.008136240790783568,-0.007985294295482235,1.044531791173922,643968.6950170597,True,False
1918,0.007814938847889218,-0.0006256453349087935,1.047788874605977,647198.6245495842,True,False
1919,-0.01565490233860098,-0.01061942363933475,0.9475980294940304,1245970.529273115,False,False
1920,-0.007434511907122729,-0.0004223732221785311,1.0377161135222255,668154.7946149334,True,False
1921,0.01872321092096998,0.009265379116022838,0.9564589107298066,1230040.1089496831,False,False
1922,-0.008350068142267693,0.004259998124844284,0.9908665511966914,950100.7400658373,True,False
1923,-0.018976862315248404,-0.0012238731538206466,1.0144938465596351,785735.2411115301,True,False
1924,0.009979600357658287,-0.002100964011314298,1.0048432563536285,930065.6812952119,True,False
1925,0.0034351654878184675,-0.014207173102490329,0.9715375375583314,1157061.9055332448,False,False
1926,-0.002687065746576744,-0.004776148221563532,0.97934048647999,1064214.8204542196,False,False
1927,-0.01727067892684248,3.316095605480129e-05,0.9558250253225349,1159574.0238699985,False,False
1928,0.011849789911406287,-0.004663838421759124,0.9674027618556569,1180178.869590999,False,False
1929,-0.0012271710694388568,-0.01748909817641856,0.9547653868514734,1259734.5350740724,False,False
1930,-0.011274202722787554,0.0008684284818441891,1.0219808557641807,753803.9858833868,True,False
1931,-0.010733299994187897,-0.011069515443805427,1.0367141078997302,694972.5465864029,True,False
1932,-0.010544908445926225,0.007354091095017294,0.9109619309637133,1442829.8062689602,False,False
1933,0.015159666222572659,0.0013042059750448059,0.9579794411316835,1232624.5602641008,False,False
1934,-0.018632554845842524,-0.0013816359122587791,0.9838104233560802,981994.2329365505,True,False
1935,-0.000996799518515972,0.006400058398317751,1.0112858111190302,834935.0590583405,True,False
1936,0.0156662820850922,0.005094773092626325,1.0262898956886914,789663.8433060343,True,False
1937,0.005080092219208185,-0.0032798218025739756,1.0232207287257564,802999.2035682496,True,False
1938,-0.004737605212263722,0.0023284144319996496,1.0399120601253515,654058.9996085499,True,False
1939,-0.019710875860612515,-0.001634143663640125,1.0202054480478968,748561.3806265902,True,False
1940,-0.0030552671006142482,-0.0016979096287308793,1.0096735797913143,861984.9531796477,True,False
1941,0.001879942456049234,0.00036506714028661875,1.015310353000825,834182.3748072471,True,False
1942,0.0023175849646775142,0.0017689018992081294,0.9501228703286152,1245479.6398619122,False,False
1943,-0.009381516967059028,-0.00432465088689597,1.0128246636034275,831675.6750697,True,False
1944,-0.008851002204955513,0.001135904738333955,1.012733167274317,818533.8635363604,True,False
1945,-0.026654400803713,0.0014955520380136294,0.9516808144785214,1155702.30193805,False,False
1946,-0.007874962721583778,0.011075472268712519,0.9474616126794709,1208104.2833800388,False,False
1947,0.004624756150745002,0.0031482732334897393,1.0254136595910202,769912.3564177735,True,False
1948,-0.022399936639046113,-0.0022529244308428756,1.0417687496043124,605856.4736972612,True,False
1949,0.0014752316771273416,-0.005058492422324854,1.0349559424337789,723389.0451809785,True,False
1950,0.0017173549897844308,-0.0019440091338413137,0.9796743737969031,1066470.880344038,False,False
1951,0.005177314914703851,0.006842026784491511,0.9932839677033765,965215.0697486219,True,False
1952,0.0036174630114169295,-0.0005731854922029695,1.077602739723322,446029.67585753195,True,False
1953,0.01222199533166735,-0.004509333305270635,1.0031963548669882,953470.1775482404,True,False
1954,0.01425031990779826,0.005536737550473697,1.020677863824562,820132.6402716959,True,False
1955,0.009523604941220868,0.010149185487631118,0.9586469866975529,1188076.8751043782,False,False
1956,0.008968518040369704,-0.004519878645078964,0.9250914601562474,1440464.8021013956,False,False
1957,0.0024998468215769653,0.009927177752845268,1.0282438459215557,727154.7055879352,True,False
1958,-0.017297442295164344,0.010294677279451901,0.9725143885433221,1024947.0929601965,False,False
1959,0.006586306407726739,0.005647002028190662,0.982150840632309,1043166.6483990795,False,False
1960,0.0006096011612317126,0.0026237663614391282,0.9222391612836461,1415427.1953778532,False,False
1961,-0.006282148583788046,-0.00023324342731537306,1.0429078525270057,637864.7568750225,True,False
1962,0.0018996609793823392,-0.006655404389527459,0.9940007691931437,989109.8491083902,True,False
1963,-0.006918474966320909,0.0022483645698764183,0.9282559328637848,1357306.807032107,False,False
1964,0.006730042009152364,0.0024843340016846805,1.046010348870473,646816.9917535081,True,False
1965,-0.008540307455553854,-0.003833227232317088,0.9860587659075774,1002631.71849562,False,False
1966,0.005829884644419936,-0.014971124489508901,0.9865422364028045,1070563.6705901304,False,False
1967,-0.006010203667579475,-0.0016314276644025822,0.9274604099098619,1375686.6221795592,False,False
1968,-0.002869395145037159,0.001264311240550133,0.9892771186343428,983788.8981382997,True,False
1969,0.0019421793469197417,0.009885160104054188,1.0323761710621469,699476.1915944571,True,False
1970,-0.001986510170061748,-0.0020316752412670204,1.0596270077699104,548649.2596626751,True,False
1971,0.011230299551139859,0.006083813341465612,1.065502000656642,525538.5344612179,True,False
1972,0.01894765439161017,0.0008665825591591813,0.9799823383589317,1104652.6633056113,False,False
1973,-0.012048710475485506,-0.006034442697451628,0.970443882184272,1098158.7035096283,False,False
1974,-0.016416609858769367,0.00999913039496042,1.0644593965611675,444305.6518893142,True,False
1975,-0.0054122127968461485,0.0020445503764548326,0.9602913007533799,1158619.5680355325,False,False
1976,0.0020666502405410694,-0.008448473132495377,1.0444467870573348,674197.7732660263,True,False
1977,0.001341647993473149,-0.005401831422016132,1.0450986890581844,659559.2793056748,True,False
1978,-0.007762275517364479,-0.0029675034635170995,1.0524478184340034,580770.1241807367,True,False
1979,0.015759333093146147,0.012718919747485962,0.9787503607092212,1070610.5876085274,False,False
1980,-0.007217433225729365,-0.004286693834249853,1.083596905259463,388139.93840314215,True,False
1981,0.010177683035925698,0.0013667926053825869,0.9588498088164362,1213055.4371414888,False,False
1982,0.009433690418258379,0.0003729004529163541,0.9614537660036424,1197214.06570056,False,False
1983,-0.005523288353289711,0.007887765733492107,0.9444345569393545,1242747.2207096238,False,False
1984,0.0377711871979908,-0.006645002008584722,0.9866048247402869,1135899.5675147122,False,False
1985,0.007694641023233538,0.003566097878792839,0.924932180431172,1415422.9813569253,False,False
1986,-0.01418960272440802,-0.0008733720446282416,1.0755834345604627,410122.9075006017,True,False
1987,7.484363111797739e-05,0.00881751904030994,1.0507431393349032,580606.9672621222,True,False
1988,-0.007356109385567436,0.0033859106397706633,1.048674929980675,588176.3413690333,True,False
1989,0.010700762505607414,-0.002799940247969525,0.9522715217243286,1267886.4156638018,False,False
1990,0.019436383030475315,-0.00424656746463836,1.0201087919734624,865414.217586782,True,False
1991,0.00890389421254214,0.009933548046421825,1.0268058771154,754094.9019311843,True,False
1992,-0.014362086788544262,-0.0016556817692085029,1.0642957818660832,483504.9595904746,True,False
1993,-0.01283574743854527,0.0056953267337794935,0.9923623112295772,924120.3477658943,True,False
1994,0.006048970653021088,0.004585211791697157,0.9481261316877008,1260707.478140538,False,False
1995,0.005058381478647287,0.0005013750031823542,1.048223459897559,633628.675529273,True,False
1996,-0.003058916007517974,0.01259473396691349,1.0151376478950984,787490.2038345778,True,False
1997,-0.004967314501073651,-0.0007967581703109087,1.001616580196986,905322.0054181821,True,False
1998,0.0011576318994137224,-0.009691291071750981,0.9868012736443383,1041216.7482134108,False,False
1999,-0.005967830540368774,-0.002033514743305364,1.010634479346757,848709.5398462693,True,False
2000,0.015509299253820046,-0.004024964013540269,1.0315126322571893,781443.7924009617,True,False
